id,article_id,question,answers,is_possible,plausible_answers,source_article_ids,qa_type
211640_1,211640,Những loại nội tạng động vật nào được khuyến cáo nên hạn chế để tránh tăng axit uric và hại thận?,"Gan, thận, lòng và dạ dày là các loại nội tạng chứa lượng purin rất cao, cần hạn chế hoặc tránh, đặc biệt với người trung niên, cao tuổi hoặc có nguy cơ bệnh thận.",True,Tất cả nội tạng động vật nói chung đều nên tránh nếu có tiền sử bệnh gout hoặc suy thận.,,factoid
211640_2,211640,Quan niệm cho rằng thịt dê là thủ phạm duy nhất gây tăng axit uric thực chất sai ở điểm nào?,"Thịt dê đúng là thịt đỏ có hàm lượng purin cao cần hạn chế, nhưng coi nó là thủ phạm duy nhất là không chính xác vì nhiều loại thịt đỏ khác như thịt bò, lợn, nai cũng có hàm lượng purin tương tự. Ngoài ra, nội tạng động vật, hải sản giàu purin và nước dùng đậm đặc cũng góp phần làm tăng axit uric.",True,Thịt dê thậm chí có thể chứa ít purin hơn một số loại nội tạng hoặc hải sản nhỏ.,,event_summary
211640_3,211640,Tại sao nước dùng hầm xương hoặc nước lẩu lại có thể gây hại cho thận?,"Khi ninh hầm lâu hoặc nhúng lẩu nhiều nguyên liệu, purin từ thực phẩm tan vào nước dùng và tăng nhanh. Lượng purin cao này khi được chuyển hóa thành axit uric sẽ khiến thận phải tăng cường lọc và đào thải, nếu không xử lý kịp sẽ gây tích tụ axit uric, ảnh hưởng đến thận.",True,"Nước dùng hầm lâu còn có thể chứa nhiều chất béo bão hòa, làm nặng thêm gánh nặng chuyển hóa cho cơ thể.",,cause_effect
211640_4,211640,Hàm lượng purin trong cá nhỏ và nội tạng động vật khác biệt ra sao so với thịt đỏ thông thường?,"Nội tạng động vật chứa lượng purin gấp 2-3 lần thịt đỏ, trong khi purin trong cá nhỏ như cá trích, cá cơm gần gấp đôi thịt đỏ. Cả hai nhóm đều có hàm lượng purin cao hơn đáng kể so với thịt đỏ thông thường.",True,"Mức purin cụ thể còn phụ thuộc vào cách chế biến, ví dụ ninh hầm sẽ giải phóng nhiều purin hơn so với xào nhanh hoặc hấp.",,comparison
211640_5,211640,Đúng hay sai: 'Chỉ cần bỏ thịt dê và chuyển sang ăn hải sản là có thể kiểm soát tốt axit uric'?,"Sai. Nhiều loại hải sản như cá nhỏ (cá trích, cá cơm), tôm khô, sò, cua cũng giàu purin và có thể làm axit uric tăng cao. Nhiều người chuyển từ thịt đỏ sang ăn hải sản mà không kiểm soát lượng thì axit uric vẫn có thể tăng. Ngoài ra, các loại thịt đỏ khác như bò, lợn cũng có purin tương tự thịt dê nên cần hạn chế đồng thời.",True,"Một số loại hải sản có purin thấp hơn như cá biển lớn có thể dùng vừa phải, nhưng cần kiểm soát tổng lượng purin nạp vào mỗi ngày.",,claim_verification
152685_1,152685,Doanh nghiệp nào trúng đấu giá thuê khu đất ven sông Hương tại TP. Huế?,"Công ty TNHH Đầu tư và Vận tải An Phú Minh, có trụ sở tại TP. Huế.",True,Một doanh nghiệp địa phương hoạt động trong lĩnh vực bất động sản hoặc du lịch tại Huế.,,factoid
152685_2,152685,Cuộc đấu giá cho thuê khu đất số 5 Lê Lợi ven sông Hương diễn ra với kết quả như thế nào?,"Công ty TNHH Đầu tư và Vận tải An Phú Minh trúng đấu giá thuê khu đất 8.012m2 tại số 5 Lê Lợi, phường Vĩnh Ninh, TP. Huế với mức giá 5,93 tỷ đồng/năm, cao gấp 7,5 lần giá khởi điểm. Thời hạn thuê là 10 năm với tổng số tiền gần 60 tỷ đồng. Kết quả gây bất ngờ vì doanh nghiệp trúng thầu mới thành lập khoảng 18 tháng và hoạt động chính trong lĩnh vực khai thác đá, cát, sỏi.",True,"Cuộc đấu giá diễn ra với sự tham gia của nhiều doanh nghiệp lớn trong lĩnh vực du lịch, dịch vụ.",,event_summary
152685_3,152685,Vì sao dư luận bất ngờ khi biết danh tính doanh nghiệp trúng đấu giá khu đất ven sông Hương?,"Vì Công ty An Phú Minh mới thành lập khoảng 18 tháng trước khi trúng đấu giá, được cấp giấy phép kinh doanh vào tháng 7/2022, và lĩnh vực hoạt động chính là khai thác đá, cát, sỏi, đất sét – không liên quan đến dịch vụ du lịch cao cấp.",True,"Vì doanh nghiệp này có vốn điều lệ nhỏ, chưa có kinh nghiệm trong lĩnh vực bất động sản hay du lịch.",,cause_effect
152685_4,152685,Khu đất số 5 Lê Lợi được đưa ra đấu giá nhằm phục vụ mục tiêu gì cho TP. Huế?,"Khu đất được đấu giá cho thuê nhằm kêu gọi doanh nghiệp đầu tư chỉnh trang cảnh quan bờ sông Hương, xây dựng khu dịch vụ du lịch cao cấp không có lưu trú, hài hòa với khu vực lân cận và tạo điểm nhấn bên bờ Nam sông Hương.",True,Nhằm tăng nguồn thu ngân sách cho tỉnh Thừa Thiên - Huế thông qua việc cho thuê đất.,,entity_role
152685_5,152685,Công ty An Phú Minh có kế hoạch cụ thể gì để phát triển khu đất ven sông Hương sau khi trúng đấu giá?,,False,"Công ty có thể sẽ xây dựng khu dịch vụ du lịch cao cấp như nhà hàng, quán cà phê, không gian sự kiện ven sông Hương.; Công ty có thể hợp tác với đối tác có kinh nghiệm trong lĩnh vực du lịch để triển khai dự án.",,unanswerable
132354_1,132354,Ông Nghiêm Xuân Thành đến kiểm tra công tác ứng phó bão Kalmaegi tại những địa điểm nào ở Khánh Hòa?,"Ông đến kiểm tra tại các địa điểm xung yếu ở P.Đông Ninh Hòa và 3 xã Vạn Thắng, Vạn Ninh, Vạn Hưng.; Ông kiểm tra tại khu neo đậu tàu thuyền tránh trú bão Ninh Hải (P.Đông Ninh Hòa) và khu vực nuôi lồng bè ở thôn Xuân Tự, xã Vạn Hưng.",True,Ông kiểm tra tại tất cả các khu vực ven biển của tỉnh Khánh Hòa.,,factoid
132354_2,132354,Công tác chuẩn bị ứng phó bão Kalmaegi tại Khánh Hòa được triển khai như thế nào?,"Toàn bộ tàu thuyền đánh bắt xa bờ đã vào neo đậu an toàn; 67 người dân trên 54 lồng bè ở vịnh đã được vận động di dời vào bờ; khoảng 100 hộ dân ở vùng trũng, thấp, có nguy cơ sạt lở được di dời đến Đồn Biên phòng và các trụ sở an toàn.; Các lực lượng chức năng đã hoàn tất việc di dời người dân, neo đậu tàu thuyền và Bí thư Tỉnh ủy đánh giá công tác chuẩn bị là 'rất đầy đủ và chu đáo', đồng thời yêu cầu chuẩn bị lương thực, nhu yếu phẩm cho bà con tại nơi sơ tán.",True,Tỉnh đã huy động quân đội và công an hỗ trợ sơ tán hàng nghìn hộ dân trên diện rộng.,,event_summary
132354_3,132354,Vì sao Bí thư Tỉnh ủy Khánh Hòa lo ngại người dân có thể chủ quan trước bão Kalmaegi?,"Vì hiện có tâm lý cho rằng bão sẽ vào khu vực Gia Lai, nên nhiều người dân, đặc biệt là những người đã di dời, có thể chủ quan và trở về nhà hoặc ra lại lồng bè trong đêm, điều mà ông Thành coi là hết sức nguy hiểm.",True,Vì Khánh Hòa đã nhiều năm không hứng chịu bão lớn nên người dân mất cảnh giác.,,cause_effect
132354_4,132354,Lực lượng biên phòng đóng vai trò gì trong công tác ứng phó bão Kalmaegi tại Khánh Hòa?,"Lực lượng biên phòng phối hợp cùng chính quyền địa phương vận động và di dời toàn bộ 67 người dân trên 54 lồng bè ở vịnh vào bờ an toàn.; Đồn Biên phòng cũng là một trong những địa điểm tiếp nhận các hộ dân ở vùng trũng, thấp, có nguy cơ sạt lở được di dời đến.",True,Biên phòng còn tham gia tuần tra trên biển để đảm bảo không còn tàu thuyền nào hoạt động ngoài khơi.,,entity_role
132354_5,132354,Bão Kalmaegi gây ra thiệt hại cụ thể như thế nào tại Khánh Hòa?,,False,"Bão có thể gây ngập úng tại các vùng trũng và sạt lở tại nhiều khu vực ven biển Khánh Hòa.; Thiệt hại chưa được ghi nhận tại thời điểm bài báo vì bão chưa đổ bộ, Ban chỉ đạo dự kiến họp đánh giá thiệt hại vào sáng ngày 7.11.",,unanswerable
50356_1,50356,Mazda đã đăng ký bản quyền tên gọi Mazda 3e tại những thị trường nào?,"Mazda đã đăng ký bản quyền tên gọi Mazda 3e tại các thị trường Úc, Anh và châu Âu.",True,Mazda đăng ký tên Mazda 3e tại Bắc Mỹ và Nhật Bản.,,factoid
50356_2,50356,Tình hình phát triển các dòng xe cỡ nhỏ của Mazda hiện nay diễn ra như thế nào?,"Mazda đang tập trung nguồn lực vào điện khí hóa và mở rộng dòng SUV, nâng cấp các dòng crossover trang bị động cơ I6 mang lại biên lợi nhuận cao. Trong khi đó, các dòng xe cỡ nhỏ như Mazda3 gần như không nhận được sự đầu tư hay bước tiến mới nào, và Mazda3 hoàn toàn vắng mặt trong lộ trình phát triển sản phẩm của hãng.",True,Mazda vẫn đang âm thầm phát triển thế hệ Mazda3 mới với động cơ đốt trong cải tiến.,,event_summary
50356_3,50356,Điều gì khiến Mazda3 đứng trước nguy cơ bị khai tử hoặc phải thay đổi hoàn toàn?,"Mazda đang chuyển dịch sang chiến lược điện khí hóa và ưu tiên dòng SUV, khiến các mẫu xe cỡ nhỏ không còn được quan tâm đầu tư. Ngoài ra, việc hợp tác với Deepal (Trung Quốc) càng củng cố khả năng Mazda3 thế hệ kế tiếp sẽ mang diện mạo và nền tảng khác biệt hoàn toàn.",True,Mazda3 bị khai tử do doanh số bán hàng sụt giảm nghiêm trọng trong nhiều năm liên tiếp.,,cause_effect
50356_4,50356,Deepal và Changan đóng vai trò gì trong chiến lược xe điện của Mazda?,"Deepal là thương hiệu thuộc Changan (Trung Quốc) hợp tác với Mazda để cung cấp nền tảng kỹ thuật và sản phẩm xe điện. Mazda 6e/EZ-6 đã được phát triển cùng Deepal cho thị trường châu Âu và Úc, và mẫu Deepal L06 được cho là có khả năng cao sẽ trở thành nền tảng cho Mazda 3e thế hệ mới.",True,"Changan chỉ đóng vai trò nhà sản xuất gia công, còn Mazda tự phát triển toàn bộ công nghệ xe điện.",,entity_role
50356_5,50356,Mazda 3e dự kiến sẽ được bán với mức giá bao nhiêu tại từng thị trường?,,False,"Mazda 3e có thể có giá tương đương hoặc nhỉnh hơn Mazda3 hiện tại do trang bị hệ truyền động điện.; Giá bán có thể cạnh tranh nhờ tận dụng nền tảng Deepal L06 từ Trung Quốc, giúp tối ưu chi phí phát triển.",,unanswerable
148770_1,148770,Dự án Da Nang Downtown được xây dựng tại khu vực nào của Đà Nẵng?,"Dự án được xây dựng trên khu đất Công viên Châu Á (cũ), phường Hòa Cường, ven sông Hàn, nằm giữa cầu Trần Thị Lý và cầu Tiên Sơn.",True,"Dự án nằm tại khu vực trung tâm thành phố Đà Nẵng, gần bờ sông Hàn.",,factoid
148770_2,148770,Dự án Da Nang Downtown bao gồm những hạng mục chính nào và điểm nhấn kiến trúc của dự án là gì?,"Dự án có quy mô hơn 76,9 ha, bao gồm công viên văn hóa, nhà hát 4.000 chỗ, bảo tàng, trung tâm triển lãm, khu thương mại - dịch vụ và phố kinh tế đêm. Điểm nhấn là tòa tháp 69 tầng cao 408m, tích hợp khách sạn 5 sao, văn phòng hạng A, căn hộ cao cấp, trung tâm thương mại, đài quan sát và khu hội nghị.",True,"Dự án là một khu phức hợp giải trí, thương mại quốc tế với tòa nhà chọc trời làm trung tâm.",,event_summary
148770_3,148770,Điều gì khiến Đà Nẵng trở thành thành phố trực thuộc Trung ương có diện tích lớn nhất cả nước?,"Sau khi hợp nhất địa giới với tỉnh Quảng Nam, Đà Nẵng trở thành thành phố trực thuộc Trung ương có diện tích lớn nhất cả nước.",True,Đà Nẵng mở rộng địa giới hành chính bằng cách sáp nhập các huyện lân cận.,,cause_effect
148770_4,148770,Tòa tháp 69 tầng được kỳ vọng đóng vai trò gì đối với khu vực miền Trung?,"Tòa tháp được kỳ vọng trở thành biểu tượng kiến trúc mới của miền Trung, với thiết kế lấy cảm hứng từ ngũ hành, thân tháp gợi hình ảnh áo dài trắng, đỉnh tháp tạo hình ngọn lửa như ngọn hải đăng dẫn đường.",True,Tòa tháp sẽ là trung tâm tài chính và du lịch quan trọng nhất khu vực miền Trung.,,entity_role
148770_5,148770,Đúng hay sai: Tòa tháp trong dự án Da Nang Downtown sẽ là công trình cao nhất Việt Nam khi hoàn thành?,"Sai. Tòa tháp cao 408m với 69 tầng sẽ là công trình cao thứ hai Việt Nam, chỉ sau Landmark 81 tại TPHCM.",True,"Đúng, vì đây là tòa tháp có quy mô lớn nhất từng được xây dựng tại miền Trung.",,claim_verification
95886_1,95886,Dương Minh Hải là học sinh lớp 12 của trường THPT nào?,"Trường THPT Trần Phú, TP.HCM",True,Trường THPT Trần Phú,,factoid
95886_2,95886,Chương trình tư vấn truyền hình trực tuyến của Báo Thanh Niên về chọn ngành đăng ký xét tuyển diễn ra với những nội dung chính nào?,"Chương trình tổ chức ngày 18.4 với chủ đề 'Chọn ngành học cho tương lai: Những điều cần lưu ý khi chọn ngành đăng ký xét tuyển', trong đó chuyên gia từ các trường ĐH phân tích các tình huống chọn ngành và đưa ra lời khuyên cho thí sinh, bao gồm việc chọn ngành không phải xu hướng và cách xử lý khi ngành yêu thích có điểm chuẩn quá cao.",True,Chương trình giải đáp thắc mắc của học sinh lớp 12 về việc đăng ký nguyện vọng xét tuyển đại học.,,event_summary
95886_3,95886,Vì sao ngành quản lý tài nguyên và môi trường dù không phải ngành 'hot' nhưng vẫn có cơ hội việc làm tốt sau khi tốt nghiệp?,"Vì ngành này không quá 'hot' nên tỷ lệ chọi thấp, chỉ tiêu hàng năm ít, dẫn đến khi tốt nghiệp cơ hội việc làm vẫn không thua các ngành 'hot' khác. Ngoài ra, nếu sinh viên có đam mê và trang bị đầy đủ kiến thức, kỹ năng thì không lo thất nghiệp.",True,Vì xã hội luôn cần nhân lực cho lĩnh vực môi trường và nguồn cung ứng viên ít nên ít cạnh tranh khi xin việc.,,cause_effect
95886_4,95886,Thí sinh nên làm gì khi ngành yêu thích có điểm chuẩn quá cao so với khả năng của mình?,"Thí sinh có thể đăng ký cùng ngành đó tại nhiều trường ĐH khác nhau vì mỗi trường có mức điểm trúng tuyển khác nhau. Ngoài ra, có thể chọn một ngành học gần, cùng lĩnh vực nhưng có mức điểm chuẩn thấp hơn, căn cứ vào điểm chuẩn các năm gần đây.",True,Thí sinh có thể ôn thi lại để nâng cao điểm số hoặc xét tuyển bằng phương thức khác như học bạ.,,cause_effect
95886_5,95886,"Đúng hay sai: Theo quy định hiện hành, thí sinh chỉ được đăng ký tối đa 5 nguyện vọng xét tuyển đại học?","Sai. Theo thông tin trong chương trình, hiện nay thí sinh được đăng ký số lượng nguyện vọng không giới hạn và còn được điều chỉnh nguyện vọng, nên có rất nhiều cơ hội để trúng tuyển.",True,"Đúng, thí sinh bị giới hạn số nguyện vọng đăng ký theo quy định của Bộ GD-ĐT.",,claim_verification
106745_1,106745,Hộ kinh doanh bán lẻ thủy sản tươi sống có doanh thu cao nhất thuộc địa bàn Chi cục Thuế khu vực nào?,"Chi cục Thuế khu vực XI, bao gồm địa bàn Hà Tĩnh, Quảng Bình, Quảng Trị.",True,Một chi cục thuế khu vực thuộc miền Trung Việt Nam.,,factoid
106745_2,106745,Thực trạng nộp thuế của các hộ kinh doanh có doanh thu hàng trăm tỉ đồng tại Việt Nam hiện nay diễn ra như thế nào?,"Nhiều hộ kinh doanh có doanh thu rất lớn, lên tới hàng trăm tỉ đồng mỗi năm, nhưng vẫn đang nộp thuế khoán với mức trung bình chỉ 686.000 đồng/tháng thay vì chuyển sang phương pháp kê khai. Năm 2024 ghi nhận 860 hộ đạt doanh thu từ 30 tỉ đồng trở lên, trong đó 5 hộ vượt mức 200 tỉ đồng, và 653 hộ đang nộp thuế khoán dù đã đủ điều kiện chuyển sang kê khai.; Có 5 hộ kinh doanh doanh thu trên 200 tỉ đồng/năm hoạt động trong các lĩnh vực thủy sản, thực phẩm, dược phẩm, giáo dục và nông sản, nhưng một số vẫn nộp thuế khoán, cho thấy bất cập trong quản lý thuế đối với hộ kinh doanh lớn.",True,Các hộ kinh doanh lớn cố tình duy trì hình thức hộ cá thể để tránh nghĩa vụ thuế cao hơn khi chuyển sang doanh nghiệp.,,event_summary
106745_3,106745,Vì sao hộ kinh doanh bán lẻ thủy sản tươi sống doanh thu hàng trăm tỉ đồng lại thường không có hóa đơn?,"Vì hộ này chủ yếu mua hàng từ nông dân và hộ nuôi trồng, những đối tượng thường không xuất hóa đơn khi bán sản phẩm.",True,Do đặc thù ngành thủy sản tươi sống giao dịch bằng tiền mặt và chưa có hệ thống quản lý hóa đơn điện tử phổ biến ở khâu thu mua.,,cause_effect
106745_4,106745,Luật sư Trần Xoa đánh giá như thế nào về vai trò và ý nghĩa của việc chuyển đổi hộ kinh doanh lớn sang mô hình doanh nghiệp?,"Luật sư Trần Xoa nhận định doanh thu trên 200 tỉ đồng/năm của 5 hộ kinh doanh là rất lớn, cho thấy còn nhiều hộ kinh doanh lớn đang 'tiềm ẩn'. Ông cũng cho rằng về lâu dài, nếu chuyển sang doanh nghiệp, các hộ sẽ gặp nhiều thuận lợi hơn nhờ chính sách ưu đãi về thuế, vay vốn, nâng cao năng lực quản trị và có thể mở rộng thị trường ra nước ngoài.",True,Luật sư Trần Xoa kêu gọi cơ quan thuế tăng cường kiểm tra và xử phạt các hộ kinh doanh cố tình trốn thuế.,,entity_role
106745_5,106745,Cơ quan thuế có biện pháp xử phạt cụ thể nào đối với các hộ kinh doanh đủ điều kiện kê khai nhưng vẫn nộp thuế khoán không?,,False,"Cơ quan thuế có thể truy thu thuế và áp dụng phạt hành chính đối với các hộ cố tình không chuyển sang phương pháp kê khai.; Hiện chưa có chế tài xử phạt rõ ràng, chỉ mới dừng ở mức vận động và khuyến khích chuyển đổi.",,unanswerable
90345_1,90345,Show thời trang Tinh hoa cố đô diễn ra tại địa điểm nào?,"Show diễn ra tại Hoa Lư, Ninh Bình.",True,Show được tổ chức tại một di tích lịch sử ở Ninh Bình.,,factoid
90345_2,90345,Bộ sưu tập Nguyệt Hồi của nhà thiết kế Kiên Vũ được xây dựng dựa trên ý tưởng gì và bao gồm những dòng trang phục nào?,"Bộ sưu tập lấy cảm hứng từ ánh trăng kỷ niệm dõi theo hành trình trưởng thành của mỗi người, gồm 30 thiết kế dạ hội và vest, kết hợp tinh hoa văn hóa truyền thống với hơi thở đương đại và truyền tải thông điệp thời trang bền vững.",True,"Bộ sưu tập tập trung vào phong cách hoài cổ, lãng mạn với các thiết kế cao cấp.",,event_summary
90345_3,90345,Vì sao nhà thiết kế Kiên Vũ lại chọn H'Hen Niê và Thủy Tiên cho vị trí vedette và mở màn?,"Kiên Vũ ấn tượng với khả năng biến hóa nhiều phong cách của H'Hen Niê và nét đẹp đậm chất Á Đông của Thủy Tiên, tin tưởng hai người sẽ truyền tải trọn vẹn câu chuyện ý nghĩa qua ngôn ngữ thời trang.",True,"Cả hai đều là gương mặt có sức ảnh hưởng lớn trong làng giải trí Việt Nam, giúp thu hút truyền thông.",,cause_effect
90345_4,90345,"Ngoài H'Hen Niê và Thủy Tiên, những ai khác góp mặt trong show diễn Tinh hoa cố đô?","Show diễn còn có người đẹp chuyển giới Dịu Thảo, Hoa hậu Nông Thúy Hằng, và các thí sinh The Face Vietnam 2023 như Xuân Hạnh, Hương Liên, Tuấn Ngọc, Hoàng Oanh, Tuấn Anh.",True,Một số người mẫu chuyên nghiệp và nghệ sĩ khác cũng tham gia nhưng chưa được công bố.,,entity_role
90345_5,90345,Hoa hậu H'Hen Niê cảm nhận như thế nào khi được mời làm vedette cho bộ sưu tập Nguyệt Hồi?,,False,H'Hen Niê có thể cảm thấy vinh dự và hào hứng khi được tin tưởng giao vị trí quan trọng nhất của show diễn.; H'Hen Niê có thể xem đây là cơ hội thể hiện sự đa dạng phong cách mà nhà thiết kế đánh giá cao ở cô.,,unanswerable
225322_1,225322,Quang Hải đang thi đấu cho câu lạc bộ nào tại nước ngoài vào thời điểm đợt tập trung?,Quang Hải đang thi đấu cho CLB Pau tại giải Ligue 2 của Pháp.,True,Quang Hải đang khoác áo một đội bóng tại giải hạng Nhì Pháp.,,factoid
225322_2,225322,Đợt hội quân tháng 3 của tuyển Việt Nam dưới thời HLV Troussier được tổ chức ra sao?,"Tuyển Việt Nam hội quân từ ngày 8/3 đến 12/3 với khoảng 28 cầu thủ, chỉ có 5 ngày tập luyện và không có trận giao hữu quốc tế nào. Ba cầu thủ đang thi đấu ở nước ngoài là Quang Hải, Công Phượng và Văn Toàn gần như chắc chắn vắng mặt.",True,"Đợt tập trung mang tính chất làm quen giữa HLV mới và các cầu thủ, chủ yếu rà soát lực lượng trong nước.",,event_summary
225322_3,225322,"Vì sao các câu lạc bộ nước ngoài không cho Quang Hải, Công Phượng và Văn Toàn về tập trung cùng tuyển Việt Nam?","Đợt tập trung của tuyển Việt Nam không nằm trong lịch FIFA Days (20 đến 28/3) nên các CLB chủ quản không có nghĩa vụ nhả người.; Vì đợt hội quân diễn ra ngoài lịch FIFA Days, các CLB không bắt buộc phải cho cầu thủ về thi đấu cho đội tuyển quốc gia.",True,Có thể các cầu thủ đang trong giai đoạn thi đấu quan trọng với CLB nên không muốn vắng mặt.,,cause_effect
225322_4,225322,Tình hình thi đấu ở nước ngoài của Quang Hải và Công Phượng khác nhau như thế nào?,"Quang Hải không cạnh tranh được vị trí ở đội 1 Pau, phải xin xuống đá giải hạng Năm Pháp và chỉ có hơn 10 phút ra sân ở trận gần nhất. Trong khi đó, Công Phượng chưa thể ra mắt trong trận ra quân của Yokohama tại J-League.",True,Cả hai đều gặp khó khăn trong việc cạnh tranh suất đá chính tại CLB chủ quản ở nước ngoài.,,comparison
225322_5,225322,HLV Troussier nhận xét cụ thể gì về phong độ hiện tại của Quang Hải tại Pau?,,False,HLV Troussier có thể lo ngại vì Quang Hải ít được ra sân và phải xuống thi đấu ở giải hạng thấp.; Ông Troussier có thể đánh giá Quang Hải cần thêm thời gian thích nghi với bóng đá Pháp trước khi trở lại đội tuyển.,,unanswerable
114604_1,114604,Hệ thống nhà thuốc Long Châu và STADA Pymepharco đã triển khai những hoạt động kiểm tra sức khỏe cụ thể nào cho người dân trong sự kiện hợp tác?,"Hai đơn vị tổ chức chương trình đo và đánh giá chỉ số BMI, huyết áp, điện tim và tư vấn cá nhân hóa cho người dân.",True,"Ngoài các chỉ số cơ bản, có thể họ còn tư vấn về dinh dưỡng hoặc đo lường tỷ lệ mỡ cơ thể để hỗ trợ đánh giá toàn diện hơn.",,factoid
114604_2,114604,Chương trình hợp tác giữa Long Châu và STADA Pymepharco tập trung giải quyết vấn đề sức khỏe nào và hướng đến thông điệp gì cho cộng đồng?,"Chương trình tập trung vào việc nâng cao nhận thức về nguy cơ thừa cân, béo phì và lan tỏa thông điệp 'Giảm cân an toàn bắt đầu từ hiểu biết đúng' với các phương pháp giảm cân khoa học, an toàn.",True,Sự kiện nhằm giáo dục người dân về tác hại của béo phì và cung cấp các giải pháp quản lý cân nặng dựa trên bằng chứng y khoa thay vì các phương pháp truyền miệng thiếu cơ sở.,,event_summary
114604_3,114604,"Tình trạng thừa cân, béo phì gây ra những hệ lụy gì cho sức khỏe cá nhân và xã hội theo cảnh báo của giới y khoa?","Về sức khỏe cá nhân, béo phì làm tăng nguy cơ mắc các bệnh không lây nhiễm như biến chứng cơ xương, rối loạn thần kinh, tiểu đường type 2, bệnh tim mạch và ung thư. Về xã hội, nó tạo ra gánh nặng thông qua việc phát sinh chi phí y tế và làm giảm năng suất lao động.",True,"Bên cạnh các bệnh lý trực tiếp, thừa cân béo phì còn có thể gây ra các vấn đề về tâm lý như trầm cảm hoặc tự ti, ảnh hưởng đến chất lượng cuộc sống tổng thể của người bệnh.",,cause_effect
114604_4,114604,Hệ thống nhà thuốc Long Châu đóng vai trò gì trong việc đưa kiến thức y khoa về quản lý cân nặng đến với người dân?,"Long Châu phát huy vai trò 'cánh tay nối dài' và là mắt xích quan trọng của ngành Y tế, tận dụng mạng lưới rộng khắp để mang những kiến thức y khoa chuẩn mực đến gần hơn với người dân trên hành trình quản lý cân nặng.",True,"Với lợi thế về số lượng điểm bán và sự tiếp xúc thường xuyên, dược sĩ tại Long Châu có thể đóng vai trò là người sàng lọc ban đầu và định hướng người dân đến các cơ sở y tế chuyên sâu khi cần thiết.",,entity_role
114604_5,114604,"Sau các chương trình truyền thông và đào tạo, doanh thu từ các sản phẩm hỗ trợ giảm cân tại hệ thống nhà thuốc Long Châu đã tăng trưởng như thế nào?",,False,"Doanh thu có thể sẽ tăng lên do người dân nhận thức rõ hơn về tầm quan trọng của việc giảm cân khoa học và tìm mua các sản phẩm được tư vấn tại nhà thuốc.; Tuy nhiên, bài báo không cung cấp bất kỳ số liệu tài chính hay báo cáo kinh doanh nào để xác nhận mức độ tăng trưởng thực tế của doanh thu sau sự kiện.",,unanswerable
160104_1,160104,Vai diễn nào khiến Kiều Anh cảm thấy tiếc nuối nhất trong sự nghiệp diễn xuất?,Vai Nguyệt trong phim Hồ sơ cá sấu là vai diễn khiến Kiều Anh tiếc nuối nhất.,True,Vai Phương trong Gia đình mình vui bất thình lình vì nhân vật khá nhạt nhoà.,,factoid
160104_2,160104,Kiều Anh đã trải qua hành trình chuyển từ sự nghiệp múa sang diễn xuất như thế nào?,"Kiều Anh từng nghĩ sẽ nghỉ nghề sau khi kết thúc sự nghiệp múa khoảng hơn 30 tuổi do nhà hát trẻ hoá nhanh. Khi đó cô ước có thể làm điện ảnh được như múa. Sau phim Ngày mai bình yên, cô cảm thấy được khám phá và biết cách phát triển nhân vật thay vì chỉ diễn theo bản năng, từ đó muốn trải nghiệm càng nhiều vai càng tốt.",True,Kiều Anh chuyển sang diễn xuất vì được đạo diễn mời sau khi xem cô biểu diễn múa.,,event_summary
160104_3,160104,Vì sao Kiều Anh quyết định nhận vai Phương trong phim Gia đình mình vui bất thình lình dù nhân vật khá nhạt nhoà?,"Kiều Anh nhận vai vì kịch bản phim có nhiều tình huống hài hước khiến cô cười sặc sụa khi đọc, đồng thời cô đánh giá cao đạo diễn và ê kíp làm phim. Cô cũng coi đây là cơ hội để trải nghiệm thêm vai diễn mới.",True,Kiều Anh nhận vai vì được trả cát-sê cao hơn các dự án trước.,,cause_effect
160104_4,160104,Vai Phương của Kiều Anh và vai Hà của Lan Phương khác nhau thế nào trong cùng bộ phim?,"Vai Phương là vai diễn làm nền, ít nổi bật, trong khi vai Hà của Lan Phương rất nổi bật với nhiều câu thoại hay và thú vị. Kiều Anh phải cố gắng tự tạo điểm nhấn cho nhân vật mỗi khi có cơ hội.",True,"Phương là nhân vật hiền lành, còn Hà là nhân vật cá tính mạnh và gây xung đột nhiều hơn trong phim.",,comparison
160104_5,160104,Mạnh Trường nhận xét gì về khả năng diễn xuất của Kiều Anh khi đóng cặp cùng nhau?,,False,Mạnh Trường có thể đánh giá cao sự chuyên nghiệp và cảm xúc chân thật của Kiều Anh trên phim trường.; Mạnh Trường có thể nhận xét rằng đôi mắt buồn của Kiều Anh giúp các cảnh diễn chung thêm phần xúc động.,,unanswerable
253647_1,253647,Chiếc Mercedes-Benz C180 đang được rao bán với giá rẻ bất ngờ thuộc phiên bản nào và được sản xuất vào năm bao nhiêu?,"Chiếc xe thuộc phiên bản Kompressor, được sản xuất năm 2003.",True,Xe thuộc phiên bản C180 Kompressor sản xuất vào những năm đầu thập niên 2000.,,factoid
253647_2,253647,Tình trạng thực tế về ngoại thất và nội thất của chiếc Mercedes-Benz C180 đã qua hơn hai thập kỷ sử dụng hiện nay ra sao?,"Ngoại thất sơn đen bóng khó giữ nguyên bản, mâm đã được tân trang. Nội thất nhiều chi tiết lão hóa nhưng ghế có khả năng đã bọc lại da mới đỏ-đen, chủ xe nâng cấp thêm màn hình giải trí Android.",True,"Xe xuống cấp nhiều về ngoại thất do tuổi đời cao, nhưng nội thất đã được chủ cũ chăm chút và độ thêm màn hình cảm ứng.",,event_summary
253647_3,253647,Mức giá hiện tại của chiếc Mercedes-Benz C180 cũ đang được so sánh ngang bằng với mẫu xe tay ga nào trên thị trường?,Mức giá này ngang ngửa với một chiếc xe tay ga Honda Air Blade 160 bản Đặc biệt.,True,Giá xe sang cũ này tương đương với các mẫu xe tay ga cao cấp hoặc xe máy phổ thông đời mới nhất trên thị trường.,,comparison
253647_4,253647,Vì sao những người lần đầu mua ô tô hoặc có điều kiện kinh tế hạn hẹp được khuyên không nên chọn mua các mẫu xe sang Đức đã qua sử dụng quá lâu năm?,"Bởi vì chi phí sử dụng, chăm sóc và bảo dưỡng các mẫu xe Đức tuổi đời trên 20 năm không hề rẻ như xe phổ thông, tiềm ẩn nhiều rủi ro về chất lượng và hỏng hóc.",True,"Do chi phí nuôi xe sang cũ rất tốn kém, phụ tùng thay thế đắt đỏ và xe dễ gặp lỗi vặt do đã quá cũ.",,cause_effect
253647_5,253647,Chủ nhân hiện tại của chiếc Mercedes-Benz C180 này là ai và lý do cá nhân nào khiến họ quyết định bán lại chiếc xe với mức giá rẻ bất ngờ như vậy?,,False,Chủ xe có thể đang cần tiền mặt gấp hoặc muốn lên đời xe mới nên chấp nhận bán tháo với giá thấp.; Chiếc xe có thể đã gặp một số vấn đề về giấy tờ hoặc hỏng hóc nặng tiềm ẩn khiến chủ xe muốn bán nhanh để tránh rủi ro.,,unanswerable
64976_1,64976,Những doanh nghiệp khởi nghiệp sáng tạo nào tại Khu Công nghệ cao đã phát triển vươn tầm thế giới?,Gremsy và Realtime Robotics là hai doanh nghiệp khởi nghiệp sáng tạo tại Khu Công nghệ cao đã phát triển vươn tầm thế giới.,True,"Ngoài Gremsy và Realtime Robotics, có thể còn một số doanh nghiệp khác chưa được nêu tên cụ thể.",,factoid
64976_2,64976,Hội thảo về phát triển hệ sinh thái Drone/UAV thông minh đặt ra những mục tiêu chính nào?,"Hội thảo hướng đến xây dựng hệ sinh thái đào tạo Drone/UAV thông minh gắn với nhu cầu thực tiễn, thúc đẩy đổi mới giáo dục, phát triển nguồn nhân lực công nghệ cao và tăng cường hợp tác liên ngành trong nghiên cứu, đào tạo và chuyển giao công nghệ.; Hội thảo cũng thảo luận về định hướng xây dựng chương trình giáo dục gắn với thực tiễn ứng dụng Drone/UAV từ cấp phổ thông đến đại học.",True,Hội thảo có thể còn đề cập đến việc xây dựng khung pháp lý cho hoạt động bay Drone/UAV tại Việt Nam.,,event_summary
64976_3,64976,Điều gì thúc đẩy Việt Nam cần phát triển hệ sinh thái Drone/UAV trong giáo dục và công nghiệp?,"Trên toàn cầu, ngành công nghiệp Drone/UAV đang tăng trưởng mạnh mẽ và là trọng tâm đầu tư của nhiều quốc gia, Việt Nam cũng không ngoại lệ.; Nghị quyết số 57 của Chính phủ nhấn mạnh yêu cầu đẩy mạnh đào tạo nhân lực công nghệ cao, tăng cường liên kết nhà trường - doanh nghiệp - cơ quan quản lý, khẳng định vai trò trọng yếu của khoa học công nghệ và đổi mới sáng tạo.",True,"Nhu cầu ứng dụng Drone/UAV trong nông nghiệp, logistics và quốc phòng ngày càng tăng cũng có thể là động lực thúc đẩy.",,cause_effect
64976_4,64976,Ban quản lý Khu Công nghệ cao đóng vai trò gì trong việc phát triển hệ sinh thái Drone/UAV?,"Ban quản lý Khu Công nghệ cao đã xác định vai trò tiên phong trong xây dựng hệ sinh thái công nghệ Drone/UAV thông minh và bền vững.; Khu Công nghệ cao hỗ trợ các doanh nghiệp khởi nghiệp sáng tạo phát triển và triển khai các chương trình hợp tác đào tạo thực chiến với các trường đại học, viện nghiên cứu trong chiến lược dài hạn.",True,Ban quản lý có thể cũng đóng vai trò cung cấp cơ sở hạ tầng và không gian thử nghiệm bay cho các doanh nghiệp Drone/UAV.,,entity_role
64976_5,64976,Có bao nhiêu đại biểu tham dự hội thảo về phát triển hệ sinh thái Drone/UAV?,,False,"Hội thảo có sự tham gia của đại diện các trường đại học, chuyên gia quân sự, doanh nghiệp công nghệ và cơ sở giáo dục phổ thông, nên số lượng đại biểu có thể lên đến vài trăm người.; Với quy mô liên ngành và nhiều bên tham gia, số lượng đại biểu có thể dao động từ 100 đến 300 người.",,unanswerable
44651_1,44651,Fidel Castro đến thăm Khu chính phủ cách mạng lâm thời Cộng hòa miền Nam Việt Nam tại địa điểm nào?,"Cam Lộ, tỉnh Quảng Trị",True,"Đông Hà, Quảng Trị",,factoid
44651_2,44651,Chuyến thăm vùng giải phóng Quảng Trị năm 1973 của Fidel Castro diễn ra trong hoàn cảnh như thế nào?,"Fidel Castro đến thăm Quảng Trị khi khu vực này vẫn còn nằm trong tầm bắn của pháo đối phương bên kia sông Thạch Hãn, bom mìn vẫn ngổn ngang khắp nơi. Ông đã ghé thăm Khu chính phủ cách mạng lâm thời ở Cam Lộ, lên cao điểm 241 Tân Lâm gặp gỡ chiến sĩ đoàn Khe Sanh, và tại Đông Hà ông đã ôm một cậu bé bị cụt hai tay rồi khóc. Trên đường ra Quảng Bình chiều 15-9-1973, một quả bom bi phát nổ gần đoàn xe khiến một nữ thanh niên bị thương nặng và ông đã giúp cứu sống cô.",True,Chuyến thăm diễn ra trong bối cảnh hòa bình sau Hiệp định Paris 1973.,,event_summary
44651_3,44651,"Điều gì đã thúc đẩy Cuba xây dựng bệnh viện Việt Nam - Cuba tại Đồng Hới, Quảng Bình?","Việc Fidel Castro tận mắt chứng kiến em bé ở Đông Hà bị bom làm cụt hai tay và cô gái Vĩnh Linh trúng bom bi trong chuyến thăm Quảng Trị đã khiến ông chỉ đạo xây dựng bệnh viện này ngay sau đó, vào năm 1974, nhằm chăm sóc y tế cho người dân vùng tuyến lửa.",True,Cuba xây bệnh viện vì đó là cam kết viện trợ giữa hai chính phủ trong khuôn khổ hợp tác song phương.,,cause_effect
44651_4,44651,Cuba đã hỗ trợ Việt Nam những công trình cụ thể nào sau chuyến thăm lịch sử của Fidel Castro?,"Sau chuyến thăm, Cuba đã xây tặng Việt Nam khách sạn Thắng Lợi ở hồ Tây (Hà Nội), xây đường cao tốc Xuân Mai, trại bò giống Ba Vì, Xí nghiệp gà Lương Mỹ, cử chuyên gia cầu đường sang cùng bộ đội Trường Sơn mở rộng đường Hồ Chí Minh, và xây dựng bệnh viện Việt Nam - Cuba tại Đồng Hới (Quảng Bình) năm 1974.",True,Cuba hỗ trợ Việt Nam trong lĩnh vực đào tạo y tế và cung cấp thuốc men.,,entity_role
44651_5,44651,Cậu bé bị cụt hai tay mà Fidel Castro ôm tại Đông Hà sau này có cuộc sống ra sao?,,False,Cậu bé có thể đã được đưa đi điều trị tại bệnh viện Việt Nam - Cuba ở Đồng Hới sau khi bệnh viện được xây dựng năm 1974.; Cậu bé có thể đã được Cuba hỗ trợ chăm sóc y tế theo chỉ đạo của Fidel Castro.,,unanswerable
246182_1,246182,Ai có mặt tại hiện trường để chỉ đạo công tác tìm kiếm cứu hộ vụ lật tàu trên vịnh Hạ Long?,"Phó Thủ tướng Trần Hồng Hà và Bí thư Tỉnh uỷ Quảng Ninh Vũ Đại Thắng có mặt tại hiện trường để chỉ đạo công tác tìm kiếm, cứu hộ.; Phó Thủ tướng Trần Hồng Hà và Bí thư Tỉnh uỷ Quảng Ninh Vũ Đại Thắng.",True,Lãnh đạo Chính phủ và lãnh đạo tỉnh Quảng Ninh trực tiếp có mặt chỉ đạo.,,factoid
246182_2,246182,Quá trình cứu hộ và trục vớt tàu du lịch bị lật trên vịnh Hạ Long diễn ra như thế nào?,"Lực lượng chức năng huy động tàu kiểm ngư, nhiều xà lan cẩu và người nhái để tìm kiếm nạn nhân, sau đó tiến hành chằng dây và dùng 4 xà lan cẩu nâng tàu lên, bơm nước ra ngoài rồi lật tàu du lịch trở lại. Quá trình diễn ra xuyên đêm trong điều kiện thời tiết không thuận lợi.; Tàu kiểm ngư và xà lan cẩu được điều động đến hiện trường, lực lượng chức năng tiến hành lật tàu du lịch từ khoảng 23h đêm, đến khoảng 2h sáng ngày 20/7 đã nâng và lật được tàu, đồng thời tìm kiếm nạn nhân qua cửa sổ tàu.",True,Công tác cứu hộ kéo dài nhiều giờ với sự phối hợp của nhiều lực lượng và phương tiện chuyên dụng.,,event_summary
246182_3,246182,Phó Thủ tướng Trần Hồng Hà yêu cầu gì đối với lực lượng cứu hộ vụ lật tàu?,"Phó Thủ tướng yêu cầu các lực lượng phối hợp nhịp nhàng, nỗ lực triển khai tìm kiếm cứu nạn ngay trong đêm, không để đến sáng khi thủy triều và hải lưu thay đổi, đồng thời đặt an toàn của đội tìm kiếm lên hàng đầu.; Ông yêu cầu tìm kiếm nhanh nhất để cứu thêm người sống và tìm tất cả thi thể nạn nhân, đồng thời phải tính toán phương án đảm bảo an toàn cho đội cứu hộ.",True,Phó Thủ tướng chỉ đạo huy động tối đa mọi nguồn lực để đẩy nhanh tiến độ cứu hộ.,,entity_role
246182_4,246182,Điều gì khiến công tác tìm kiếm nạn nhân vụ lật tàu trở nên khó khăn?,"Biển Quảng Ninh động, gió to và có mưa khiến công tác tìm kiếm các nạn nhân còn lại trở nên khó khăn.; Thời tiết không thuận lợi với biển động, gió to, mưa gây cản trở quá trình tìm kiếm cứu nạn.",True,"Ngoài thời tiết xấu, việc tàu bị lật úp cũng gây khó khăn cho việc tiếp cận các nạn nhân bên trong.",,cause_effect
246182_5,246182,Nguyên nhân chính xác khiến tàu du lịch bị lật trên vịnh Hạ Long là gì?,,False,"Có thể do thời tiết xấu, biển động và gió to tại khu vực vịnh Hạ Long gây ra vụ lật tàu.; Tàu có thể gặp sự cố kỹ thuật hoặc quá tải hành khách dẫn đến bị lật.",,unanswerable
157600_1,157600,Ai là đạo diễn của bộ phim truyền hình 'Đi về phía lửa'?,Đạo diễn của bộ phim 'Đi về phía lửa' là Trần Thanh Huy.,True,Một đạo diễn trẻ thuộc thế hệ mới của điện ảnh Việt Nam.,,factoid
157600_2,157600,Bộ phim 'Đi về phía lửa' khai thác đề tài gì và quá trình sản xuất có điều gì đặc biệt?,"Bộ phim gồm 10 tập, tái hiện sự hy sinh thầm lặng của những người làm nghề cứu hỏa, cứu nạn, cứu hộ. Điểm đặc biệt là đạo diễn yêu cầu chỉ quay cảnh thật, sử dụng lửa thật, không dùng cảnh giả, khiến diễn viên phải lăn xả và nhập vai tới mức bầm dập.",True,Phim lấy bối cảnh một đội cứu hỏa tại Đà Nẵng và được quay hoàn toàn tại thành phố này.,,event_summary
157600_3,157600,Phòng cảnh sát PCCC và CNCH thành phố Đà Nẵng đóng vai trò gì trong quá trình sản xuất phim 'Đi về phía lửa'?,"Phòng cảnh sát PCCC & CNCH TP Đà Nẵng hỗ trợ, tư vấn và giám sát đoàn làm phim trong các cảnh quay cháy nổ, đồng thời luôn sẵn sàng đảm bảo an toàn tuyệt đối cho toàn bộ êkip khi quay các cảnh lửa thật.",True,Họ cung cấp xe chữa cháy và trang thiết bị chuyên dụng cho đoàn phim sử dụng trong quá trình quay.,,entity_role
157600_4,157600,Vì sao đạo diễn Trần Thanh Huy yêu cầu sử dụng lửa thật thay vì hiệu ứng kỹ xảo trong phim 'Đi về phía lửa'?,"Vì đạo diễn luôn đặt tiêu chí chân thực lên hàng đầu, mong muốn tạo ra không khí thật nhất có thể để người xem cảm nhận được hết sức nặng của bộ phim.",True,Vì kinh phí sản xuất không đủ để đầu tư kỹ xảo điện ảnh chất lượng cao nên đoàn phim chọn phương án quay thực tế.,,cause_effect
157600_5,157600,Các diễn viên chính đóng vai lính cứu hỏa trong phim 'Đi về phía lửa' là những ai?,,False,"Có thể là những diễn viên trẻ có thể lực tốt, sẵn sàng thực hiện các cảnh hành động nguy hiểm.; Dàn diễn viên có thể bao gồm các gương mặt quen thuộc của phim truyền hình Việt Nam kết hợp với diễn viên mới.",,unanswerable
56336_1,56336,Ai là người đứng đầu Alphabet đã đưa ra quyết định sa thải nhân viên?,CEO Sundar Pichai là người đưa ra quyết định sa thải và cho biết ông chịu trách nhiệm hoàn toàn về quyết định này.,True,Ban lãnh đạo Alphabet cùng đưa ra quyết định sa thải.,,factoid
56336_2,56336,Đợt sa thải lớn tại Alphabet diễn ra như thế nào và trong bối cảnh gì?,"Alphabet sa thải 12.000 nhân viên, tương đương khoảng 6% lực lượng lao động của Google, diễn ra trên toàn cầu và toàn bộ công ty. Đợt sa thải diễn ra trong bối cảnh hàng loạt công ty Big Tech như Microsoft, Amazon, Meta cũng đang cắt giảm nhân sự do điều kiện kinh tế khó khăn.",True,Alphabet sa thải nhân viên chủ yếu ở các bộ phận không sinh lời.,,event_summary
56336_3,56336,Điều gì khiến Alphabet phải cắt giảm lực lượng lao động dù trước đó từng tuyển dụng rầm rộ?,"Alphabet tuyển dụng mạnh trong thời kỳ tăng trưởng nhưng tình hình kinh tế đã thay đổi, lợi nhuận công ty giảm 27% trong quý trước, buộc phải cắt giảm chi phí và nhân sự.",True,Alphabet cắt giảm nhân sự do áp lực từ cổ đông yêu cầu tối ưu hóa chi phí.,,cause_effect
56336_4,56336,"So với các công ty Big Tech khác, quy mô sa thải của Alphabet ở mức nào?","Alphabet sa thải 12.000 nhân viên, thấp hơn Amazon (18.000) nhưng cao hơn Microsoft (10.000) và Meta (11.000). Alphabet cũng là công ty Big Tech cuối cùng thông báo sa thải lớn trong đợt này.",True,Alphabet sa thải ít hơn các công ty khác vì còn có nguồn thu mạnh từ quảng cáo và điện toán đám mây.,,comparison
56336_5,56336,Đúng hay sai: Nhân viên bị sa thải tại Alphabet không nhận được bất kỳ quyền lợi nào sau khi nghỉ việc?,"Sai. Nhân viên bị sa thải được trả lương tối thiểu 60 ngày kể từ khi nhận thông báo, được trả tiền thưởng năm 2022 và thời gian nghỉ phép còn lại, đồng thời được cung cấp 6 tháng chăm sóc sức khỏe, dịch vụ giới thiệu việc làm và hỗ trợ nhập cư.",True,Nhân viên chỉ được hỗ trợ một phần nhỏ trong các quyền lợi cam kết.,,claim_verification
5446_1,5446,Ông Nguyễn Trung Chính đã có cuộc gặp với lãnh đạo của tập đoàn nào để thảo luận về hợp tác chiến lược trong lĩnh vực AI và bán dẫn?,Tập đoàn NVIDIA.,True,,,factoid
5446_2,5446,Khoa Vi Điện tử và Viễn Thông mới thành lập của Trường Đại học CMC tập trung vào những định hướng đào tạo nào?,"Khoa đào tạo ngành Công nghệ Điện tử - Viễn thông với các định hướng: Thiết kế vi mạch bán dẫn, Công nghệ Mạng và Truyền thông tiên tiến, Hệ thống nhúng và IoT, trong đó thiết kế vi mạch là định hướng chính.",True,,,event_summary
5446_3,5446,Tập đoàn Synopsys đóng vai trò gì trong chương trình đào tạo của Trường Đại học CMC?,"Synopsys cung cấp chương trình đào tạo theo chuẩn toàn cầu, đào tạo giảng viên theo công cụ và quy trình thiết kế chuẩn công nghiệp, đồng thời kết nối trường với các viện nghiên cứu, đại học và doanh nghiệp thiết kế vi mạch lớn trên thế giới.",True,,,entity_role
5446_4,5446,Việc Trường Đại học CMC chọn thiết kế vi mạch làm định hướng đào tạo chính nhằm mục đích gì?,"Nhằm tạo ra nguồn nhân lực chất lượng cao, thực hiện các nghiên cứu về vi mạch và bán dẫn, từ đó nâng cao năng lực cạnh tranh của Việt Nam trong chuỗi cung ứng thế giới.",True,,,cause_effect
5446_5,5446,Mức lương khởi điểm của sinh viên tốt nghiệp Khoa Vi Điện tử và Viễn Thông tại các doanh nghiệp bán dẫn ở Việt Nam là bao nhiêu?,,False,Mức lương có thể rất cao do ngành bán dẫn đang khát nhân lực và được xem là ngành công nghiệp tỷ đô.; Sinh viên tốt nghiệp từ chương trình chuẩn quốc tế thường được các doanh nghiệp lớn trả mức lương cạnh tranh để thu hút nhân tài.,,unanswerable
16546_1,16546,"Ai là người đại diện pháp lý cho Baekhyun, Xiumin và Chen trong vụ tranh chấp hợp đồng với SM Entertainment?",Luật sư Lee Jae Hak thuộc Công ty luật LIN là đại diện pháp lý cho ba thành viên EXO.,True,Một luật sư chuyên về luật giải trí tại Hàn Quốc.,,factoid
16546_2,16546,Vụ tranh chấp giữa ba thành viên EXO và SM Entertainment diễn ra như thế nào?,"Ba thành viên Baekhyun, Xiumin, Chen đã gửi 7 yêu cầu cung cấp tài liệu thu nhập và quyết toán từ tháng 3 đến tháng 6 nhưng bị SM từ chối. Họ cho rằng hợp đồng độc quyền kéo dài 12-13 năm và bị ép gia hạn lên 17-18 năm là bất công, nên quyết định theo đuổi hành động pháp lý thông qua đại diện luật sư.",True,Ba nghệ sĩ đơn phương chấm dứt hợp đồng và rời công ty ngay lập tức.,,event_summary
16546_3,16546,"Điều gì khiến Baekhyun, Xiumin và Chen quyết định theo đuổi hành động pháp lý chống lại SM Entertainment?","Họ tin rằng có nhiều vấn đề trong thu nhập nhưng SM từ chối cung cấp tài liệu quyết toán. Ngoài ra, công ty buộc họ ký hợp đồng độc quyền dài hạn 12-13 năm và còn yêu cầu gia hạn sớm lên 17-18 năm, điều mà họ coi là 'hợp đồng nô lệ' không công bằng.",True,Ba nghệ sĩ muốn hoạt động solo và tìm kiếm công ty quản lý mới với điều kiện tốt hơn.,,cause_effect
16546_4,16546,SM Entertainment phản ứng thế nào trước hành động pháp lý của ba thành viên EXO?,"SM tuyên bố ba nghệ sĩ bị xúi giục bởi các thế lực bên ngoài để thực hiện hành vi bất hợp pháp, bỏ qua hợp đồng độc quyền đã ký. Công ty cho rằng hành động này phá hủy niềm tin của người hâm mộ và gây hại cho tương lai của ngành K-pop, đồng thời khẳng định sẽ không dung thứ cho động thái này.",True,SM Entertainment đồng ý thương lượng lại điều khoản hợp đồng với ba nghệ sĩ.,,entity_role
16546_5,16546,Đúng hay sai: 'SM Entertainment đã cung cấp đầy đủ tài liệu quyết toán thu nhập khi ba nghệ sĩ yêu cầu'?,"Sai. Theo thông tin từ phía đại diện pháp lý, ba nghệ sĩ đã gửi tổng cộng 7 yêu cầu cung cấp tài liệu chi tiết về thu nhập và quyết toán từ tháng 3 đến tháng 6, nhưng SM tuyên bố không thể tiết lộ thông tin và từ chối yêu cầu.",True,SM Entertainment cung cấp một phần tài liệu nhưng không đầy đủ theo yêu cầu của nghệ sĩ.,,claim_verification
78351_1,78351,Ai được chọn làm đại sứ cho Tuần lễ Văn hóa - Thể thao - Du lịch biển huyện Thạnh Phú lần đầu tiên được tổ chức tại Bến Tre?,Hoa hậu Môi trường thế giới năm 2023 Nguyễn Thanh Hà.,True,Một hoa hậu hoặc người nổi tiếng khác được ban tổ chức mời làm đại sứ hình ảnh.,,factoid
78351_2,78351,Tuần lễ Văn hóa - Thể thao - Du lịch biển huyện Thạnh Phú bao gồm những hoạt động nổi bật nào?,"Tuần lễ bao gồm các hoạt động như trưng bày sản phẩm thương mại kích cầu, triển lãm, ẩm thực biển, chương trình famtrip, hội thảo, biểu diễn nghệ thuật và hội thi áo dài.",True,"Các hoạt động chủ yếu xoay quanh quảng bá du lịch, ẩm thực và văn hóa địa phương.",,event_summary
78351_3,78351,Hoa hậu Nguyễn Thanh Hà đã thực hiện những hoạt động gì với vai trò đại sứ tại lễ khai mạc tuần lễ du lịch biển Thạnh Phú?,"Ngay trong lễ khai mạc, Hoa hậu Nguyễn Thanh Hà đã gửi thông điệp phát động phong trào bảo vệ môi trường trong phát triển du lịch biển Bến Tre.",True,Cô tham gia cắt băng khánh thành và đọc diễn văn khai mạc thay mặt ban tổ chức.,,entity_role
78351_4,78351,Việc UBND huyện Thạnh Phú phối hợp với Sở VH-TT-DL Bến Tre tổ chức tuần lễ du lịch biển này nhằm mục đích gì?,"Sự kiện nhằm giới thiệu, quảng bá và nâng cao chất lượng dịch vụ du lịch của tỉnh Bến Tre nói chung và huyện Thạnh Phú nói riêng.",True,Nhằm thu hút thêm du khách đến với huyện Thạnh Phú và tạo đà phát triển kinh tế địa phương.,,cause_effect
78351_5,78351,Hoa hậu Nguyễn Thanh Hà có tiếp tục được mời làm đại sứ cho các kỳ tuần lễ du lịch biển Thạnh Phú tiếp theo hay không?,,False,Có thể cô sẽ được mời tiếp nếu hoàn thành tốt vai trò và ban tổ chức muốn duy trì tính liên tục.; Ban tổ chức có thể sẽ tìm kiếm một gương mặt mới để làm mới hình ảnh đại sứ cho các năm sau.,,unanswerable
cross_0_1,150854; 150858; 150614,"Theo các bài báo về phong thủy xây nhà năm Quý Mão 2023, nếu một gia chủ có tuổi đẹp để xây nhà (không phạm Kim lâu, Hoang ốc, Tam tai) và chọn được ngày lành tháng tốt để động thổ, nhưng lại xây nhà ở nông thôn theo kiểu 'đầu nặng chân nhẹ' hoặc cao hơn hẳn xung quanh, thì những hệ quả phong thủy tiêu cực cụ thể nào có thể xảy ra theo từng yếu tố vi phạm?","Dù gia chủ có tuổi đẹp (không phạm Kim lâu, Hoang ốc, Tam tai) và chọn ngày Hoàng đạo có nhiều cát tinh để động thổ, nhưng nếu xây nhà kiểu 'đầu nặng chân nhẹ' thì sẽ gây lệch trật tự giữa các thế hệ, thành viên trẻ cư xử thiếu lễ nghĩa, gia đình căng thẳng, hao tài, sức khỏe giảm sút. Nếu xây nhà đơn độc cao hơn hẳn xung quanh thì phạm 'cô cao sát' hay 'lộ phong sát', gây bất lợi về vận khí. Như vậy, việc hợp tuổi và chọn ngày tốt chỉ là một phần, còn phải tuân thủ cả nguyên tắc phong thủy về hình dáng và vị trí công trình mới đảm bảo an lành, thịnh vượng.",True,"Gia chủ dù hợp tuổi và chọn ngày đẹp vẫn có thể gặp hao tài, bất hòa gia đình nếu vi phạm kiêng kỵ phong thủy trong thiết kế và vị trí nhà.",150858; 150854; 150614,multi_doc_comparison
cross_0_2,150854; 150858; 150614,"So sánh quan điểm của ba bài báo về các yếu tố phong thủy quan trọng nhất khi xây nhà: bài về tuổi gia chủ, bài về ngày giờ động thổ, và bài về kiêng kỵ thiết kế nhà ở nông thôn. Trong ba yếu tố (tuổi, ngày giờ, thiết kế/vị trí), yếu tố nào được các bài báo cho là gây hậu quả nghiêm trọng nhất nếu vi phạm?",,False,"Các bài báo không trực tiếp so sánh hay xếp hạng mức độ nghiêm trọng giữa ba yếu tố với nhau. Tuy nhiên, có thể suy luận rằng yếu tố tuổi gia chủ (phạm cả Kim lâu, Hoang ốc và Tam tai cùng lúc) được coi là 'đại kỵ' - mức cảnh báo cao nhất; yếu tố ngày giờ xấu gây 'trục trặc khó lường, thiệt hại tiền bạc'; còn vi phạm thiết kế phong thủy gây 'hao tài tán lộc, sức khỏe kém' lâu dài. Mỗi yếu tố có phạm vi ảnh hưởng khác nhau và các bài báo không đưa ra kết luận yếu tố nào nghiêm trọng nhất.; Không thể xác định chính xác yếu tố nào nghiêm trọng nhất vì mỗi bài báo tập trung vào một khía cạnh riêng và không có sự so sánh trực tiếp giữa chúng.",150854; 150858; 150614,multi_doc_comparison
cross_1_1,152478; 152549; 153051,So sánh các dấu hiệu phục hồi của thị trường bất động sản nói chung (nhà ở thương mại) và phân khúc condotel (bất động sản nghỉ dưỡng) từ quý IV/2023 đến đầu năm 2024: phân khúc nào có mức tăng trưởng nguồn cung và giao dịch mạnh mẽ hơn?,"Thị trường bất động sản nhà ở thương mại có dấu hiệu phục hồi mạnh mẽ hơn với nhu cầu tìm kiếm BĐS bán tăng 66%, lượng tin đăng bán tăng 52% trong tháng 1/2024, số dự án đủ điều kiện mở bán tăng 104,26% và hoàn thành tăng 119,05% so với quý III/2023. Trong khi đó, phân khúc condotel cũng có tín hiệu phục hồi nhưng ở mức khiêm tốn hơn: nguồn cung condotel tăng 52% so với cùng kỳ nhưng tập trung cục bộ 100% tại miền Trung, lượng giao dịch chỉ tập trung tại một dự án (113 giao dịch trong tháng 7/2023), giá bán sơ cấp đi ngang và được dự báo khó có biến động mạnh trong ngắn hạn.",True,,152478; 153051,multi_doc_comparison
cross_1_2,152478; 152549; 153051,"Dựa trên thông tin về tình trạng thiếu hụt nguồn cung nhà ở đô thị (khoảng 300.000 đơn vị/năm) và nhu cầu dồn nén của người Việt, liệu phân khúc condotel có thể hưởng lợi từ lực cầu dồn nén này không, hay lực cầu đó chủ yếu chỉ hướng vào bất động sản nhà ở?",,False,"Lực cầu dồn nén được đề cập chủ yếu liên quan đến nhu cầu nhà ở (diện tích bình quân 20m2/người chưa đạt chuẩn, thiếu hụt 300.000 đơn vị nhà ở đô thị mỗi năm, nhu cầu ra ở riêng của thế hệ trẻ), nên phân khúc condotel khó hưởng lợi trực tiếp từ lực cầu này. Tuy nhiên, condotel có thể hưởng lợi gián tiếp từ xu hướng đầu tư sinh lời khi 66-79% người có 1-2 BĐS muốn mua thêm, bao gồm cả BĐS nghỉ dưỡng như một kênh đầu tư đa dạng hóa.; Phân khúc condotel chủ yếu phục vụ nhu cầu đầu tư và du lịch, không phải nhu cầu ở thực, nên lực cầu dồn nén về nhà ở đô thị không trực tiếp tác động đến phân khúc này. Condotel phụ thuộc nhiều hơn vào sự phục hồi của ngành du lịch và chính sách pháp lý riêng.",152549; 153051,multi_doc_comparison
cross_2_1,79595; 75539; 78693,Chợ nổi ở miền Tây Việt Nam được đề cập trong các bài báo với những vai trò khác nhau như thế nào? So sánh cách các bài báo giới thiệu chợ nổi trong bối cảnh du lịch và ẩm thực.,"Bài báo của The Travel (ID 79595) giới thiệu chợ nổi Cái Bè ở Tiền Giang như một 'viên ngọc ẩn' - điểm du lịch sôi động và độc đáo ở Đồng bằng sông Cửu Long. Bài báo của Traveller (ID 75539) nhắc đến chợ nổi Cái Răng như một điểm đến nổi bật ở miền Tây trong bối cảnh du lịch giá rẻ, gắn với tour sông Mê Kông. Còn bài của Condé Nast Traveller (ID 78693) đề cập chợ nổi Cái Răng trong vai trò ẩm thực đường phố, nơi phục vụ những món ăn đỉnh cao của ẩm thực Việt Nam với giá cực rẻ. Như vậy, chợ nổi được nhìn nhận từ ba góc độ: điểm tham quan văn hóa, du lịch tiết kiệm, và trải nghiệm ẩm thực.",True,,79595; 75539; 78693,multi_doc_comparison
cross_2_2,79595; 75539; 78693,"Dựa trên thông tin từ cả ba bài báo, trong bảng xếp hạng ẩm thực thế giới của Condé Nast Traveller, các quốc gia Đông Nam Á khác ngoài Việt Nam và Thái Lan (như Malaysia, Indonesia, Campuchia) được xếp ở vị trí nào?",,False,"Các bài báo không cung cấp thông tin về thứ hạng ẩm thực của Malaysia, Indonesia hay Campuchia trong bảng xếp hạng của Condé Nast Traveller. Bài về ẩm thực (ID 78693) chỉ nêu top 4 gồm Thái Lan (số 1), Ý (số 2), Nhật Bản (số 3) và Việt Nam (số 4). Bài báo Úc (ID 75539) có đề cập Malaysia, Indonesia trong bối cảnh chi phí du lịch nhưng không liên quan đến xếp hạng ẩm thực.",75539; 78693,multi_doc_comparison
cross_3_1,79333; 79060; 78375,"So sánh chính sách thị thực của Trung Quốc đối với khách du lịch nước ngoài (như miễn thị thực cho ASEAN, các nước châu Âu) với tác động ngược lại đến sức mạnh hộ chiếu Mỹ. Việc Trung Quốc miễn thị thực cho nhiều quốc gia nhưng không bao gồm Mỹ đã ảnh hưởng như thế nào đến thứ hạng hộ chiếu Mỹ và đến vị thế du lịch của Việt Nam trong khu vực?","Trung Quốc đã miễn thị thực cho khách ASEAN đến Tây Song Bản Nạp (bao gồm khách Việt Nam) và miễn thị thực cho hàng chục quốc gia chủ yếu là châu Âu như Đức, Pháp, nhưng không bao gồm Mỹ. Điều này góp phần khiến hộ chiếu Mỹ tụt từ vị trí số 1 (năm 2014) xuống vị trí thứ 12, lần đầu văng khỏi top 10. Trong khi đó, Việt Nam nằm trong top 10 điểm đến hàng đầu châu Á của khách Trung Quốc mùa hè 2024, cho thấy chính sách miễn thị thực và chi phí thấp giúp các nước Đông Nam Á (bao gồm Việt Nam) hưởng lợi từ dòng khách Trung Quốc đang gia tăng, trong khi Mỹ bị bất lợi do thiếu sự tương hỗ về thị thực.",True,"Chính sách miễn thị thực của Trung Quốc ưu ái ASEAN và châu Âu nhưng loại trừ Mỹ, làm hộ chiếu Mỹ mất sức mạnh, đồng thời giúp Việt Nam và các nước Đông Nam Á hưởng lợi từ dòng khách Trung Quốc.",79333; 79060; 78375,multi_doc_comparison
cross_3_2,79333; 79060; 78375,"Dựa trên thông tin từ các bài báo, liệu chính sách miễn thị thực đơn phương mà Trung Quốc áp dụng cho khách ASEAN tại Tây Song Bản Nạp có trực tiếp làm tăng lượng khách Việt Nam đến Trung Quốc nhiều hơn lượng khách Trung Quốc đến Việt Nam hay không? Tỷ lệ trao đổi du khách hai chiều Việt-Trung cụ thể là bao nhiêu?",,False,"Các bài báo không cung cấp dữ liệu về lượng khách Việt Nam đến Trung Quốc (bao gồm Tây Song Bản Nạp) để so sánh với con số 357.000 lượt khách Trung Quốc đến Việt Nam trong tháng 5/2024, nên không thể xác định tỷ lệ trao đổi du khách hai chiều. Tuy nhiên, có thể suy luận rằng chính sách miễn thị thực cho ASEAN tại Tây Song Bản Nạp sẽ phần nào thúc đẩy khách Việt sang Trung Quốc, nhưng mức độ tác động cụ thể cần thêm số liệu.; Không đủ dữ liệu trong các bài báo để so sánh dòng khách hai chiều Việt-Trung một cách định lượng.",79333; 79060,multi_doc_comparison
cross_4_1,178976; 178937; 177700,So sánh thời gian đăng ký xét tuyển trên Cổng thông tin tuyển sinh của Bộ GD-ĐT giữa Trường ĐH Công nghệ Giao thông vận tải năm 2024 và Trường ĐH Ngoại thương năm 2025. Có sự khác biệt nào về thời hạn đăng ký?,"Trường ĐH Công nghệ Giao thông vận tải năm 2024 nhận đăng ký xét tuyển trên Hệ thống của Bộ GD-ĐT từ ngày 18/7 đến 17h ngày 30/7, trong khi Trường ĐH Ngoại thương năm 2025 nhận đăng ký từ ngày 16/7 đến 17h ngày 28/7. Như vậy, ĐH Ngoại thương mở đăng ký sớm hơn 2 ngày và đóng sớm hơn 2 ngày so với ĐH Công nghệ Giao thông vận tải, nhưng cả hai đều có khoảng thời gian đăng ký khoảng 12-13 ngày.",True,,178937; 177700,multi_doc_comparison
cross_4_2,178976; 178937; 177700,"Giữa ĐH Quốc gia Hà Nội (năm 2024), Trường ĐH Công nghệ Giao thông vận tải (năm 2024) và Trường ĐH Ngoại thương (năm 2025), trường nào có điểm sàn xét tuyển bằng điểm thi tốt nghiệp THPT cao nhất và mức điểm cụ thể là bao nhiêu?",,False,Không thể so sánh chính xác vì bài báo về Trường ĐH Công nghệ Giao thông vận tải và Trường ĐH Ngoại thương đều đề cập đến điểm sàn nhưng không nêu con số cụ thể trong nội dung bài (chỉ có bảng hoặc hình ảnh không hiển thị). Chỉ có ĐH Quốc gia Hà Nội công bố rõ ngưỡng đảm bảo chất lượng đầu vào là 20 điểm năm 2024. Do thiếu dữ liệu điểm sàn cụ thể của hai trường còn lại nên không thể so sánh được.,178976; 178937; 177700,multi_doc_comparison
cross_5_1,102777; 178328; 4420,"So sánh sự đổi mới trong đề thi môn Ngữ văn ở kỳ thi tuyển sinh lớp 10 (năm 2025) và kỳ thi tốt nghiệp THPT (năm 2025): điểm chung và khác biệt về cấu trúc đề thi, hình thức thi và cách sử dụng ngữ liệu là gì?","Cả đề thi lớp 10 năm 2025 và đề thi tốt nghiệp THPT 2025 môn Ngữ văn đều thi theo hình thức tự luận và có cấu trúc gồm 2 phần: Đọc hiểu và Viết. Đề thi tốt nghiệp THPT có phần Đọc hiểu 4 điểm và Viết 6 điểm, thời gian 120 phút. Đề thi lớp 10 cũng có phần viết 6 điểm (gồm câu nghị luận văn học 2 điểm và nghị luận xã hội 4 điểm). Điểm khác biệt nổi bật ở kỳ thi lớp 10 năm 2025 là lần đầu tiên ngữ liệu hoàn toàn không lấy từ SGK, thoát ly ngữ liệu quen thuộc, không còn hiện tượng 'đoán tủ' tác phẩm; trong khi đề thi tốt nghiệp THPT theo Chương trình phổ thông 2018 cũng theo hướng sử dụng ngữ liệu ngoài SGK.",True,"Cả hai kỳ thi đều có cấu trúc Đọc hiểu + Viết, đều sử dụng ngữ liệu ngoài SGK, nhưng đề thi tốt nghiệp THPT có thời gian 120 phút và cấu trúc Đọc hiểu 4 điểm - Viết 6 điểm, còn đề lớp 10 cũng có phần viết 6 điểm với yêu cầu nghị luận văn học và xã hội.",102777; 178328,multi_doc_comparison
cross_5_2,102777; 178328; 4420,"Từ năm 2023 đến 2025, kỳ thi tuyển sinh lớp 10 tại TP.HCM đã có những thay đổi gì đáng chú ý về đề thi các môn (bao gồm cả ngoại ngữ và ngữ văn)? Những thay đổi này phản ánh xu hướng cải cách giáo dục nào?",,False,"Năm 2023, kỳ thi lớp 10 tại TP.HCM ghi nhận đề thi ngoại ngữ được đánh giá khá dễ, dẫn đến 32% thí sinh đạt điểm giỏi và 2.147 điểm 10 (tăng 4,5 lần so với 2022). Đến năm 2025, đề thi môn ngữ văn lớp 10 tại TP.HCM lần đầu tiên sử dụng ngữ liệu hoàn toàn ngoài SGK, không còn hiện tượng đoán tủ. Xu hướng chung cho thấy sự dịch chuyển từ kiểm tra ghi nhớ kiến thức sang đánh giá năng lực thực tế của học sinh, tuy nhiên các bài báo không cung cấp đủ thông tin chi tiết về sự thay đổi đề thi các môn khác tại TP.HCM qua các năm để đánh giá toàn diện xu hướng cải cách.",4420; 102777,timeline
cross_6_1,90555; 164317; 91968,So sánh tình trạng sức khỏe và khả năng tiếp tục hoạt động nghệ thuật của NSƯT Bảo Quốc và nghệ sĩ Uyên Trinh. Ai vẫn còn tái xuất sân khấu và ai đã phải từ bỏ nghề?,"NSƯT Bảo Quốc dù trải qua 3 lần cắt bỏ khối u gan nhưng vẫn tái xuất sân khấu, tối 8.1 ông diễn vở cải lương Dạ cổ hoài lang với vai ông Năm, thể hiện sự lạc quan vượt qua bệnh tật. Trong khi đó, nghệ sĩ Uyên Trinh ở tuổi 77 đã phải ngừng hoạt động nghệ thuật hoàn toàn do chân yếu, té gãy 4 đốt sống lưng phải phẫu thuật, bị liệt nhẹ một bên, tiểu đường nặng khiến mắt mờ tai lãng. Bà cho biết 10 năm nay không bước ra ngoài đường và dù được đạo diễn mời đi phim nhưng không thể tham gia.",True,"NSƯT Bảo Quốc vẫn hoạt động nghệ thuật dù bệnh nặng, còn nghệ sĩ Uyên Trinh đã phải từ bỏ sân khấu do sức khỏe quá yếu.",90555; 91968,multi_doc_comparison
cross_6_2,90555; 164317; 91968,"Trong các vở diễn cải lương mà Gia Bảo tổ chức (Dạ cổ hoài lang và Hoa Mộc Lan tùng chinh), NSƯT Bảo Quốc đã tham gia bao nhiêu vở và vai diễn nào ông từ chối hoặc không thể tham gia? Lý do cụ thể trong từng trường hợp là gì?","NSƯT Bảo Quốc tham gia vở Dạ cổ hoài lang với vai ông Năm, tái xuất sân khấu tối 8.1. Tuy nhiên, trong vở Hoa Mộc Lan tùng chinh thuộc chương trình Tài danh đất Việt số 6, Gia Bảo ban đầu mời ông nội Bảo Quốc vào vai Hàn Vi (vai mà Bảo Quốc từng diễn nhiều năm trên sân khấu đoàn Thanh Minh - Thanh Nga), nhưng ông đã có kế hoạch đi du lịch dịp Tết Quý Mão 2023 nên Gia Bảo phải thế vai ông nội.",True,Bảo Quốc tham gia Dạ cổ hoài lang nhưng không tham gia Hoa Mộc Lan tùng chinh vì bận đi du lịch dịp Tết.,90555; 164317,multi_doc_comparison
cross_7_1,15768; 15473; 168961,"So sánh vai trò của các nhà thiết kế Việt Nam trong việc tạo trang phục cho các cuộc thi sắc đẹp quốc tế được đề cập trong các bài báo: Lê Thanh Hòa thiết kế cho Miss World và Nguyễn Minh Tuấn thiết kế cho Miss Grand International có những điểm chung và khác biệt gì về quy mô, số lượng thiết kế và đối tượng phục vụ?","Lê Thanh Hòa thiết kế 5 bộ đầm cho đương kim Miss World 2024 Krystyna Pyszková trong chuyến thăm Việt Nam một tuần, phục vụ các sự kiện trong nước như trao sash, Vietnam Beauty Fashion Fest và show diễn PRE-FALL 24. Nguyễn Minh Tuấn có 20 thiết kế xuất hiện tại Miss Grand International 2024 (tăng từ 13 chiếc năm trước), phục vụ 19 hoa hậu quốc tế từ nhiều nước khác nhau cùng Miss Grand International 2023 Luciana trong đêm chung kết tại Thái Lan. Điểm chung là cả hai đều sử dụng chất liệu cao cấp như pha lê Swarovski, đính kết tỉ mỉ. Khác biệt chính là Nguyễn Minh Tuấn phục vụ số lượng thí sinh quốc tế lớn hơn nhiều và thiết kế cho cuộc thi diễn ra ở nước ngoài, trong khi Lê Thanh Hòa tập trung phục vụ một đương kim hoa hậu tại các sự kiện ở Việt Nam.",True,,15768; 15473,multi_doc_comparison
cross_7_2,15768; 15473; 168961,"Trong số các hoa hậu và thí sinh được nhắc đến ở cả ba bài báo – Krystyna Pyszková (Miss World 2024), Quế Anh (Miss Grand International 2024), Lê Hoàng Phương và Đan Phượng (Miss World Vietnam) – ai đã từng đạt thành tích cao nhất tại các cuộc thi quốc tế và thành tích cụ thể của họ là gì?",,False,"Dựa trên các bài báo, Krystyna Pyszková có thành tích cao nhất vì cô là đương kim Miss World 2024. Tuy nhiên, các bài báo không cung cấp thông tin đầy đủ về thành tích quốc tế cụ thể của Lê Hoàng Phương và Quế Anh tại các cuộc thi ngoài nước, cũng như Đan Phượng mới chỉ lọt top 40 Miss World Vietnam 2023 chứ chưa rõ có thi quốc tế hay không, nên không thể so sánh toàn diện.; Krystyna Pyszková đạt thành tích cao nhất với danh hiệu Miss World 2024. Các bài báo chỉ đề cập Quế Anh dự thi Miss Grand International 2024 với 2 thiết kế của Nguyễn Minh Tuấn nhưng không nói kết quả, Đan Phượng mới dừng ở top 40 Miss World Vietnam 2023, và Lê Hoàng Phương được nhắc đến chủ yếu qua hoạt động thiện nguyện mà không nêu thành tích quốc tế cụ thể.",15768; 15473; 168961,multi_doc_comparison
cross_8_1,54620; 187611; 54066,So sánh định hướng thiết kế chất liệu thân máy của Apple qua các thế hệ iPhone 17 Pro và iPhone 19 Pro. Apple có nhất quán trong việc sử dụng vật liệu hay có sự thay đổi chiến lược giữa hai thế hệ này?,"iPhone 17 Pro được đồn đoán sẽ chuyển từ titan sang nhôm kết hợp kính (phần trên bằng nhôm, phần dưới bằng kính), trong khi iPhone 19 Pro dự kiến ra mắt năm 2027 để kỷ niệm 20 năm iPhone sẽ sử dụng nhiều kính hơn trong thiết kế. Điều này cho thấy Apple không nhất quán một chất liệu duy nhất mà có chiến lược thay đổi: iPhone 17 Pro quay lại nhôm kết hợp kính, còn iPhone 19 Pro tiến tới thiết kế nhiều kính hơn nữa, hướng đến mục tiêu toàn kính.",True,"Apple thay đổi chiến lược vật liệu qua từng thế hệ: từ titan (iPhone 15/16 Pro) sang nhôm + kính (iPhone 17 Pro) rồi hướng tới nhiều kính hơn (iPhone 19 Pro), cho thấy lộ trình tiến dần đến thiết kế toàn kính.",54620; 54066,multi_doc_comparison
cross_8_2,54620; 187611; 54066,"Xét theo dòng thời gian từ iPhone 17 Pro (2025) đến iPhone 19 Pro (2027), những thay đổi về camera và thiết kế tổng thể của Apple có cho thấy iPhone 17 Pro Max sẽ là bước đệm chuyển tiếp để Apple chuẩn bị cho cuộc cách mạng thiết kế ở iPhone 19 Pro không? Liệu tính năng sạc ngược không dây trên iPhone 17 Pro Max có được giữ lại trên iPhone 19 Pro?",,False,"Dựa trên thông tin từ các bài báo, iPhone 17 Pro/Pro Max (2025) đã có nhiều thay đổi lớn về thiết kế (nhôm + kính, camera ngang, Dynamic Island nhỏ hơn, sạc ngược không dây), trong khi iPhone 19 Pro (2027) hướng tới thiết kế nhiều kính hơn và có thể đi kèm iPhone gập. Có thể suy luận iPhone 17 Pro Max là bước đệm, nhưng các bài báo không đề cập liệu tính năng sạc ngược không dây có được giữ lại trên iPhone 19 Pro hay không.; Rất có khả năng sạc ngược không dây sẽ được giữ lại vì đây là xu hướng phổ biến trên các flagship Android, nhưng không có nguồn tin nào xác nhận điều này cho iPhone 19 Pro.",54620; 187611; 54066,timeline
cross_9_1,183632; 184630; 183453,"So sánh cách tiếp cận chuyển đổi số của ba tỉnh Thái Nguyên, Bình Phước và Quảng Ngãi: tỉnh nào tập trung chủ yếu vào tuyên truyền nâng cao nhận thức, tỉnh nào chú trọng triển khai giải pháp công nghệ từ doanh nghiệp, và tỉnh nào xác định rõ các lĩnh vực ưu tiên cụ thể để chuyển đổi số?","Thái Nguyên tập trung chủ yếu vào công tác tuyên truyền, truyền thông nâng cao nhận thức về chuyển đổi số thông qua hệ thống báo chí, mạng xã hội (Zalo, Facebook), các trang thông tin điện tử và hội nghị. Bình Phước chú trọng hợp tác với các đơn vị viễn thông, công ty cung cấp nền tảng số và giải pháp số (như OpenLive với e-voucher, e-membership) để thúc đẩy chuyển đổi số trong công nghiệp, nông nghiệp. Quảng Ngãi xác định rõ 7 lĩnh vực ưu tiên chuyển đổi số gồm nông nghiệp, giáo dục, y tế, du lịch, tài nguyên và môi trường, GTVT - logistics, an ninh an toàn xã hội, đồng thời triển khai các mô hình cụ thể như thanh toán không dùng tiền mặt, chợ công nghệ 4.0, dịch vụ công trực tuyến.",True,,183632; 184630; 183453,multi_doc_comparison
cross_9_2,183632; 184630; 183453,"Trong ba tỉnh Thái Nguyên, Bình Phước và Quảng Ngãi, tỉnh nào có thứ hạng chuyển đổi số cao nhất trên bảng xếp hạng quốc gia tính đến năm 2023, và khoảng cách xếp hạng giữa ba tỉnh này cụ thể là bao nhiêu bậc?",,False,"Các bài báo chỉ cung cấp thông tin xếp hạng chuyển đổi số của Bình Phước (đứng thứ 12 cả nước năm 2022, thứ 2 khu vực Đông Nam Bộ), không có dữ liệu xếp hạng tương ứng của Thái Nguyên và Quảng Ngãi nên không thể so sánh khoảng cách xếp hạng giữa ba tỉnh.",183632; 184630; 183453,multi_doc_comparison
cross_10_1,111170; 111966; 111997,"So sánh mức chênh lệch giữa giá vàng miếng SJC và vàng nhẫn 4 số 9 cùng thương hiệu SJC tại ba thời điểm tháng 6/2023, tháng 10/2023 và tháng 7/2024. Xu hướng chênh lệch này thay đổi như thế nào?","Tháng 6/2023, vàng miếng SJC cao hơn vàng nhẫn khoảng 10,8 triệu đồng/lượng. Tháng 10/2023, mức chênh lệch tăng lên 12 triệu đồng/lượng. Đến tháng 7/2024, mức chênh lệch giảm mạnh xuống chỉ còn 1,3 triệu đồng/lượng. Như vậy, chênh lệch tăng từ giữa 2023 đến cuối 2023, sau đó thu hẹp rất mạnh vào giữa 2024, chủ yếu do giá vàng nhẫn tăng vọt trong khi vàng miếng SJC bị kiểm soát giá.",True,"Chênh lệch vàng miếng - vàng nhẫn SJC lần lượt là 10,8 triệu (6/2023), 12 triệu (10/2023) và 1,3 triệu đồng/lượng (7/2024), cho thấy xu hướng thu hẹp mạnh vào năm 2024.",111170; 111966; 111997,multi_doc_comparison
cross_10_2,111170; 111966; 111997,"Qua ba bài báo từ tháng 6/2023, tháng 10/2023 và tháng 7/2024, quan điểm của Chủ tịch Fed Jerome Powell về chính sách lãi suất đã thay đổi cụ thể như thế nào, từ tăng lãi suất sang chuẩn bị cắt giảm?",,False,"Tháng 6/2023, ông Powell tuyên bố Fed sẽ tiếp tục nâng lãi suất với tốc độ thận trọng, thể hiện lập trường 'diều hâu'. Đến tháng 7/2024, ông Powell cho biết Fed đã đạt khá nhiều tiến bộ trong việc đưa lạm phát về mức 2% nhưng vẫn cần thêm dữ liệu trước khi hành động, cho thấy sự chuyển dịch sang lập trường thận trọng hơn. Tuy nhiên, các bài báo không cung cấp đủ thông tin chi tiết về toàn bộ quá trình chuyển đổi chính sách từ tăng sang chuẩn bị cắt giảm lãi suất, đặc biệt thiếu thông tin về giai đoạn tháng 10/2023 (bài báo thời điểm đó không đề cập phát biểu của Powell).",111170; 111966; 111997,timeline
cross_11_1,109851; 113767; 111756,"So sánh diễn biến giá USD tại Vietcombank (cả mua vào và bán ra) qua ba thời điểm tháng 7/2023, tháng 8/2024 và tháng 10/2024. Xu hướng tăng hay giảm và mức chênh lệch cụ thể là bao nhiêu?","Giá USD tại Vietcombank tăng dần qua ba thời điểm: tháng 7/2023 mua 23.440 đồng - bán 23.810 đồng; tháng 8/2024 mua 24.890 đồng - bán 25.230 đồng; tháng 10/2024 mua 25.085-25.115 đồng - bán 25.455 đồng. Từ tháng 7/2023 đến tháng 10/2024, giá bán USD tại Vietcombank đã tăng khoảng 1.645 đồng (từ 23.810 lên 25.455 đồng).",True,"Giá USD tại Vietcombank liên tục tăng từ giữa năm 2023 đến cuối năm 2024, phản ánh xu hướng đồng VND mất giá so với USD.",109851; 113767; 111756,multi_doc_comparison
cross_11_2,109851; 113767; 111756,"Xét qua ba thời điểm tháng 7/2023 (USD-Index 99,97 điểm), tháng 8/2024 (USD-Index 102,3 điểm) và tháng 10/2024 (USD-Index 104,1 điểm), chính sách lãi suất của Fed đã thay đổi như thế nào từ kỳ vọng tăng lãi suất sang kỳ vọng giảm lãi suất, và điều này đã tác động cụ thể ra sao đến chỉ số USD-Index?",,False,"Tháng 7/2023, thị trường kỳ vọng Fed chỉ tăng thêm 1 lần lãi suất với xác suất 96%, USD-Index ở mức thấp nhất 1 năm (99,97 điểm). Đến tháng 8/2024, kỳ vọng chuyển sang Fed sẽ giảm lãi suất từ tháng 9/2024, USD-Index giảm tuần thứ 4 liên tiếp xuống 102,3 điểm. Đến tháng 10/2024, USD-Index tăng lên 104,1 điểm có thể do bất ổn trước bầu cử tổng thống Mỹ và dữ liệu kinh tế mạnh hơn dự kiến. Tuy nhiên, các bài báo không cung cấp đủ thông tin chi tiết về các quyết định lãi suất thực tế của Fed trong khoảng giữa các thời điểm này để đánh giá đầy đủ mối quan hệ nhân quả giữa chính sách lãi suất và biến động USD-Index.; Dù kỳ vọng thị trường chuyển từ tăng sang giảm lãi suất, USD-Index lại tăng từ 99,97 lên 104,1 điểm qua ba thời điểm, cho thấy còn nhiều yếu tố khác ngoài chính sách lãi suất tác động đến đồng USD mà các bài báo không đề cập đầy đủ.",109851; 113767; 111756,timeline
cross_12_1,26619; 26887; 204720,Giấy tờ chứng minh sức khỏe để đăng ký kết hôn đối với thường trú nhân Canada và người nước ngoài nói chung có những điểm khác biệt gì về yêu cầu chuyên khoa và thủ tục hợp pháp hóa lãnh sự?,"Đối với thường trú nhân Canada, giấy khám sức khỏe chỉ cần dịch kết luận của bác sĩ và yêu cầu không mắc bệnh truyền nhiễm, bệnh tâm thần. Trong khi đó, đối với người nước ngoài nói chung, giấy khám sức khỏe phải được khám tại bệnh viện có chuyên khoa tâm thần, phải được hợp pháp hóa lãnh sự (trừ trường hợp miễn) và dịch thuật ra tiếng Việt.",True,,26619; 26887,multi_doc_comparison
cross_12_2,26619; 26887; 204720,"Trình tự thời gian từ lúc nộp hồ sơ đến khi hoàn tất thủ tục đăng ký kết hôn với thường trú nhân Canada diễn ra trong bao lâu, và so sánh với khoảng thời gian từ lúc bị cáo Phạm Ngọc Việt gây án đến khi bị TAND TP.HCM tuyên án tử hình?",,False,"Theo quy định pháp luật, thời gian giải quyết đăng ký kết hôn với người nước ngoài thường là 15 ngày làm việc kể từ ngày nhận đủ hồ sơ hợp lệ. Trong khi đó, khoảng thời gian từ lúc bị cáo Phạm Ngọc Việt gây án (24/6/2022) đến khi bị xét xử sơ thẩm và tuyên án tử hình (18/1) là khoảng gần 7 tháng.",26619; 26887; 204720,timeline
cross_13_1,204015; 204035; 26707,"Nếu một người 15 tuổi được ông bà cho tiền và muốn mua một mảnh đất nhỏ diện tích 28m² tại Hà Nội để đứng tên trên sổ đỏ, thì theo pháp luật hiện hành, những điều kiện nào về độ tuổi người đứng tên và diện tích đất tối thiểu cần được đáp ứng?","Về độ tuổi: Pháp luật không quy định độ tuổi tối thiểu để đứng tên trên sổ đỏ, nên người 15 tuổi hoàn toàn có thể đứng tên, nhưng không được tự ký hợp đồng mua bán đất mà phải có cha mẹ hoặc người giám hộ ký thay với tư cách đại diện theo pháp luật, đồng thời cần có Căn cước công dân hoặc Số định danh cá nhân. Về diện tích: Đối với trường hợp cấp sổ đỏ lần đầu theo các Điều 137, 138, 140 Luật Đất đai 2024, pháp luật không yêu cầu diện tích tối thiểu, nên mảnh đất 28m² có thể được cấp sổ đỏ. Tuy nhiên, nếu mảnh đất hình thành do tách thửa thì phải đảm bảo diện tích tối thiểu theo quy định của UBND cấp tỉnh.",True,,204015; 204035,multi_doc_comparison
cross_13_2,204015; 204035; 26707,"Trong trường hợp cha mẹ cho con 15 tuổi vay tiền với lãi suất để mua đất đứng tên con, mức lãi suất tối đa mà cha mẹ được phép áp dụng là bao nhiêu, và nếu con 15 tuổi tự ký hợp đồng vay cũng như hợp đồng mua bán đất thì các giao dịch này có hiệu lực pháp lý không?",,False,"Theo Điều 468 Bộ luật Dân sự 2015, lãi suất cho vay giữa cá nhân với cá nhân không được vượt quá 20%/năm. Tuy nhiên, các bài báo không đề cập cụ thể đến trường hợp cha mẹ cho con vay tiền và liệu giao dịch vay giữa cha mẹ và con chưa thành niên có được coi là hợp đồng vay hợp lệ hay không. Về hợp đồng mua bán đất, người 15 tuổi không được tự ký vì theo khoản 4 Điều 21 Bộ luật Dân sự 2015, giao dịch liên quan đến bất động sản phải do người đại diện theo pháp luật ký thay. Còn việc con 15 tuổi tự ký hợp đồng vay tiền thì cần xem xét thêm các quy định về năng lực hành vi dân sự của người chưa thành niên, điều này không được các bài báo phân tích cụ thể.",204015; 26707,multi_doc_comparison
cross_14_1,116986; 116279; 116533,"So sánh cách tiếp cận phục hồi da tổn thương của sản phẩm Rejuvaskin Recovery Skin Cream và Scar Esthetique: mỗi sản phẩm hướng đến loại tổn thương nào, thành phần hoạt chất chính khác nhau ra sao, và có thể kết hợp cả hai trong quy trình chăm sóc da sau điều trị mụn không?",,False,"Rejuvaskin Recovery Skin Cream tập trung làm dịu, dưỡng ẩm và phục hồi da tổn thương do cháy nắng, kích ứng mỹ phẩm, peel da, còn Scar Esthetique chuyên biệt phục hồi sau mụn với mục tiêu ngừa thâm và làm đầy sẹo rỗ nhờ bộ đôi Peptide (Palmitoyl Oligopeptide và Palmitoyl Tetrapeptide-7) kích tăng sinh collagen. Về lý thuyết có thể kết hợp cả hai, tuy nhiên các bài báo không đề cập cụ thể đến việc dùng đồng thời hai sản phẩm này trong cùng một quy trình.",116986; 116279,multi_doc_comparison
cross_14_2,116986; 116279; 116533,"Dựa trên thông tin từ cả ba bài báo, một người có làn da mụn muốn thực hiện peel da hóa học cần lưu ý những gì về việc bảo vệ da trước (chống nắng) và phục hồi da sau khi peel, bao gồm cả ngăn ngừa sẹo thâm rỗ?","Đối với da mụn trước khi peel, cần sử dụng kem chống nắng SPF từ 30 trở lên, ưu tiên dạng gel hoặc xịt, không chứa dầu, có nhãn 'noncomedogenic' để tránh bít tắc lỗ chân lông và kích ứng thêm mụn (bài 116533). Sau khi peel da hóa học, da sẽ bị tổn thương với biểu hiện nóng, đỏ, đau rát, khô, bong tróc, cần dùng Rejuvaskin Recovery Skin Cream để làm dịu và dưỡng ẩm phục hồi hàng rào da (bài 116986). Đồng thời, để ngăn ngừa thâm và sẹo rỗ sau mụn, có thể sử dụng các sản phẩm chứa Peptide, Vitamin C, Vitamin E như Scar Esthetique để kích hoạt tăng sinh collagen và làm đầy sẹo (bài 116279).",True,,116986; 116279; 116533,multi_doc_comparison
cross_15_1,208005; 205316; 31675,So sánh các bệnh nền (bệnh lý đi kèm) được ghi nhận ở những bệnh nhân nặng mắc cúm A và sốt xuất huyết đang điều trị tại Bệnh viện Bệnh nhiệt đới Trung ương trong các bài báo.,"Các bệnh nhân cúm A nặng có các bệnh nền như tăng huyết áp, đái tháo đường, phổi tắc nghẽn mạn tính, suy tim và tiền sử nhồi máu cơ tim. Trong khi đó, bệnh nhân sốt xuất huyết nặng được nhắc đến có bệnh nền tăng huyết áp và viêm gan B. Điểm chung là các bệnh nhân đều có bệnh lý nền mạn tính, đặc biệt là tăng huyết áp, làm tăng nguy cơ diễn tiến nặng khi mắc thêm bệnh truyền nhiễm.",True,,208005; 205316,multi_doc_comparison
cross_15_2,208005; 205316; 31675,"Trình tự thời gian chi tiết theo ngày tháng cụ thể từ lúc khởi phát triệu chứng, tự điều trị, nhập viện cho đến khi được can thiệp chuyên sâu (đặt ECMO, phẫu thuật, truyền máu) của các bệnh nhân L.V.T, G.X.S và N.T.T.T. diễn ra như thế nào?",,False,"Các bài báo chỉ cung cấp khoảng thời gian tương đối (ví dụ: 3 tuần trước nhập viện, 13 ngày trước nhập viện, ngày thứ 5 của bệnh) chứ không cung cấp đầy đủ mốc ngày tháng cụ thể cho toàn bộ quá trình của cả ba bệnh nhân.; Do thiếu các mốc thời gian tuyệt đối (ngày/tháng/năm) cho tất cả các giai đoạn, không thể thiết lập một dòng thời gian chính xác và liên tục cho cả ba trường hợp này.",208005; 205316; 31675,timeline
cross_16_1,122604; 120599; 121437,"So sánh quy mô và phương thức tấn công bằng tên lửa và UAV của Nga nhắm vào Ukraine qua ba thời điểm: ngày 549 của chiến sự (27.8), ngày 1.138 (6.4) và ngày 1.299 (14.9). Quy mô tấn công của Nga thay đổi như thế nào theo thời gian?","Quy mô tấn công của Nga tăng đáng kể theo thời gian. Ngày 549, Nga phóng 8 tên lửa từ 5 máy bay, Ukraine bắn hạ 4 tên lửa. Đến ngày 1.138, Nga phóng 23 tên lửa kết hợp 109 UAV, sử dụng cả tên lửa đạn đạo, tên lửa hành trình từ máy bay ném bom chiến lược lẫn tàu chiến; Ukraine bắn hạ 13 tên lửa và 40 UAV. Ngày 1.299, phía Nga tuyên bố đã bắn hạ ít nhất 361 UAV, 4 bom dẫn đường và 1 rốc két HIMARS của Ukraine, cho thấy cường độ tấn công qua lại ở mức rất cao. Phương thức cũng đa dạng hơn, từ chỉ tên lửa hành trình sang kết hợp tên lửa đạn đạo, UAV và bom dẫn đường.",True,,122604; 120599; 121437,multi_doc_comparison
cross_16_2,122604; 120599; 121437,"Xét tổng thể ba bài báo ở các thời điểm khác nhau trong chiến sự, việc Ukraine tấn công ngược vào lãnh thổ Nga đã thay đổi như thế nào về hiệu quả chiến lược, đặc biệt là tác động đến nền kinh tế và năng lực sản xuất năng lượng của Nga?",,False,"Từ các bài báo có thể thấy sự leo thang rõ rệt trong tấn công của Ukraine vào lãnh thổ Nga: ngày 549, Ukraine mới chỉ sử dụng 2 UAV bị Nga đánh chặn ở tỉnh Bryansk và Kursk; đến ngày 1.138, Ukraine bị Nga tố tấn công hạ tầng năng lượng với 7 cuộc tấn công trong 24 giờ; và đến ngày 1.299, Ukraine đã tấn công thành công nhà máy lọc dầu Kirishinefteorgsintez (chiếm 6,4% tổng sản lượng lọc dầu Nga) và tấn công cả hệ thống đường sắt. Tuy nhiên, các bài báo không cung cấp đủ dữ liệu định lượng về tác động kinh tế tổng thể hay sự suy giảm năng lực sản xuất năng lượng thực tế của Nga để đánh giá hiệu quả chiến lược toàn diện.",122604; 120599; 121437,timeline
cross_17_1,217822; 218093; 121509,"So sánh vai trò của UAV trong cuộc xung đột Nga-Ukraine được phản ánh qua cả 3 bài báo: Ukraine sử dụng UAV tấn công phương tiện Nga như thế nào, Nga sử dụng UAV tấn công Ukraine ra sao, và hai bên đối phó với UAV của nhau bằng những phương tiện gì?","Theo bài 217822, Ukraine sử dụng UAV cảm tử thuộc Lữ đoàn Hvardiia Nastupu để phá hủy 2 xe địa hình của Nga. Ngược lại, theo bài 121509, Nga sử dụng UAV Shahed tấn công quy mô lớn vào cơ sở hạ tầng Ukraine tại Lviv, Kharkiv, Odessa và Kherson, với đợt tấn công lớn nhất gồm 40 UAV Shahed. Về đối phó UAV, bài 218093 cho thấy Ukraine dùng tổ hợp phòng không Gepard của Đức để đánh chặn UAV Shahed-136 của Nga tại Odessa, còn bài 121509 cho biết không quân Ukraine bắn hạ 24/40 UAV Shahed, đồng thời Mỹ viện trợ vũ khí dẫn đường bằng laser chống UAV cho Ukraine.",True,,217822; 218093; 121509,multi_doc_comparison
cross_17_2,217822; 218093; 121509,"Dựa trên thông tin từ các bài báo, tổ hợp phòng không Gepard của Đức đã đánh chặn bao nhiêu phần trăm tổng số UAV Shahed mà Nga phóng vào Ukraine trong đợt tấn công quy mô lớn ngày 3/11?",,False,"Các bài báo không cung cấp đủ thông tin để xác định tỷ lệ này. Bài 121509 cho biết Ukraine bắn hạ 24/40 UAV Shahed trong đợt tấn công ngày 3/11, nhưng không nêu rõ bao nhiêu chiếc bị hạ bởi Gepard. Bài 218093 chỉ mô tả Gepard đánh chặn UAV Shahed-136 tại Odessa vào ngày 7/9, là một sự kiện khác. Không có dữ liệu nào cho phép xác định cụ thể đóng góp của Gepard trong tổng số UAV bị bắn hạ ngày 3/11.",218093; 121509,multi_doc_comparison
cross_18_1,221769; 222088; 219358,"So sánh các đối thủ giao hữu của tuyển Việt Nam dưới thời HLV Kim Sang Sik trong các đợt tập trung tháng 9 và tháng 10: đối thủ nào được xem là trận 'học hỏi, cọ xát', đối thủ nào được đặt mục tiêu phải thắng, và kết quả thực tế của các trận đấu này diễn ra như thế nào?","Trong đợt tập trung tháng 9, tuyển Việt Nam giao hữu với Nga (5/9) và Thái Lan (10/9). Trận gặp Nga chỉ mang tính học hỏi, cọ xát và thử nghiệm, còn trận gặp Thái Lan được HLV Kim Sang Sik đặt mục tiêu phải thắng. Tuy nhiên, kết quả tuyển Việt Nam thua cả hai trận trước Nga và Thái Lan. Sang đợt tập trung tháng 10, tuyển Việt Nam giao hữu với Thép Xanh Nam Định (9/10, mang tính đấu tập nội bộ) và Ấn Độ (12/10) - được xem là màn 'tổng duyệt' và đội bóng Ấn Độ được đánh giá yếu hơn, đang trẻ hóa lực lượng, nên tuyển Việt Nam cần phải thắng để tạo tín hiệu tích cực trước AFF Cup 2024.",True,,221769; 222088,multi_doc_comparison
cross_18_2,221769; 222088; 219358,"Xét toàn bộ các trận đấu được đề cập trong cả ba bài báo, HLV Kim Sang Sik đã xây dựng được một lối chơi rõ ràng và ổn định cho tuyển Việt Nam hay chưa, và nguyên nhân sâu xa nào dẫn đến việc đội tuyển liên tục thể hiện thiếu thuyết phục qua các trận gặp Nepal, Nga, Thái Lan và trước trận gặp Ấn Độ?","Tổng hợp từ các bài, HLV Kim Sang Sik chưa xây dựng được lối chơi hiệu quả, chắc chắn cho tuyển Việt Nam sau gần thời gian dài nắm quyền. Các nguyên nhân được chỉ ra gồm: (1) V-League chưa diễn ra trong đợt tháng 9 khiến cầu thủ không đạt phong độ tốt nhất và HLV khó đánh giá chính xác phong độ để chọn nhân sự; (2) Nhiều cầu thủ thiếu sự hưng phấn, máu lửa cần thiết (thể hiện rõ qua 2 trận gặp Nepal); (3) Quyết định gọi quân và dùng người của HLV Kim Sang Sik cũng là một phần nguyên nhân; (4) Lối chơi mờ nhạt, tinh thần thi đấu xuống thấp trong các trận thua Nga và Thái Lan. Kết quả là sau nhiều trận, HLV Kim chỉ có 1 chiến thắng và 3 thất bại, chưa ghi được dấu ấn đáng chú ý nào.",True,,221769; 222088; 219358,multi_doc_comparison
cross_19_1,221710; 37169; 225971,So sánh hành trình của U17 Việt Nam tại vòng loại và vòng chung kết U17 châu Á 2025 với thành tích của U17 Bồ Đào Nha tại U17 World Cup: đội nào đạt được mục tiêu cuối cùng và đội nào không?,"U17 Việt Nam dưới sự dẫn dắt của HLV Cristiano Roland đã vượt qua vòng loại U17 châu Á 2025 tổ chức tại Phú Thọ và góp mặt ở vòng chung kết, nhưng không thể giành vé dự U17 World Cup, để lại nhiều tiếc nuối. Trong khi đó, U17 Bồ Đào Nha đã đạt được thành tích cao nhất khi vô địch U17 World Cup, lập kỳ tích lịch sử sau 34 năm chờ đợi.",True,,221710; 37169; 225971,multi_doc_comparison
cross_19_2,221710; 37169; 225971,"Theo trình tự thời gian, hãy sắp xếp các sự kiện chính của U17 Việt Nam từ giai đoạn chuẩn bị vòng loại U17 châu Á 2025, tham dự VCK U17 châu Á 2025, cho đến giai đoạn chuẩn bị cho vòng loại U17 châu Á 2026, và cho biết liệu việc U17 Bồ Đào Nha vô địch U17 World Cup có diễn ra trong khoảng thời gian U17 Việt Nam tham dự VCK hay không?",,False,"Trình tự các sự kiện của U17 Việt Nam: HLV Cristiano Roland chốt danh sách và U17 Việt Nam ra quân vòng loại U17 châu Á 2025 vào ngày 23/10 tại Phú Thọ → U17 Việt Nam vượt qua vòng loại và tham dự VCK U17 châu Á 2025 tại Saudi Arabia → Ngày 13/4 U17 Việt Nam về nước sau VCK, không giành được vé dự U17 World Cup → Tháng 11, U17 Việt Nam đá giao hữu thắng Campuchia 10-0 (ngày 3 và 5/11) rồi sang Nhật Bản tập huấn (ngày 6-15/11) chuẩn bị cho vòng loại U17 châu Á 2026 (22-30/11). Tuy nhiên, các bài báo không cung cấp thời điểm cụ thể diễn ra trận chung kết U17 World Cup mà Bồ Đào Nha vô địch, nên không thể xác định chính xác sự kiện đó có trùng với giai đoạn U17 Việt Nam dự VCK hay không.",221710; 37169; 225971,timeline
cross_20_1,140608; 133519; 244381,"So sánh nguyên nhân và diễn biến các vụ tai nạn giữa xe tải và xe máy được mô tả trong ba bài báo: vụ trên đường Tô Ký (Q.12), vụ tại giao lộ Lê Khả Phiêu - Bùi Thanh Khiết (H.Bình Chánh) và vụ trên tỉnh lộ 542E (huyện Hưng Nguyên, Nghệ An) có điểm gì giống và khác nhau?","Điểm giống nhau: Cả ba vụ đều là tai nạn giữa xe tải và xe máy đi cùng chiều, nạn nhân đều tử vong tại chỗ, và xe máy đều bị cuốn vào gầm hoặc bị xe tải cán qua. Cả ba vụ đều được trích xuất camera an ninh để xác định diễn biến. Điểm khác nhau: Vụ đường Tô Ký (Q.12) nguyên nhân do người đi xe máy phanh gấp trượt ngã văng vào bánh xe tải; vụ giao lộ Lê Khả Phiêu (H.Bình Chánh) xe máy bị kẹt dưới gầm container khi cùng chiều vào giao lộ, nguyên nhân cụ thể chưa được nêu rõ; vụ tỉnh lộ 542E (Nghệ An) do xe tải chạy tốc độ nhanh đâm mạnh vào đuôi xe máy chở 4 người từ phía sau. Về hậu quả: vụ Q.12 có 1 người tử vong, vụ H.Bình Chánh có 1 nữ sinh tử vong, vụ Nghệ An nghiêm trọng nhất với 3 mẹ con tử vong và 1 cháu nhỏ bị thương.",True,,140608; 133519; 244381,multi_doc_comparison
cross_20_2,140608; 133519; 244381,"Sau các vụ tai nạn giữa xe tải và xe máy tại TP.HCM (trên đường Tô Ký và giao lộ Lê Khả Phiêu) và tại Nghệ An (trên tỉnh lộ 542E), cơ quan chức năng đã đưa ra những biện pháp hay chính sách gì để giảm thiểu tai nạn giữa xe tải và xe máy đi cùng chiều?",,False,"Các bài báo không đề cập đến bất kỳ biện pháp hay chính sách cụ thể nào được cơ quan chức năng đưa ra sau các vụ tai nạn này. Tuy nhiên, có thể suy luận rằng các giải pháp tiềm năng bao gồm tăng cường phân làn giữa xe tải và xe máy, giới hạn tốc độ xe tải trong khu vực đông dân cư, lắp thêm camera giám sát và xử phạt nghiêm tài xế vi phạm tốc độ.",140608; 133519; 244381,multi_doc_comparison
cross_21_1,139413; 247390; 133992,"Dựa trên thông tin từ các bài báo, tiến trình và trọng tâm giải quyết vấn đề khi sáp nhập đơn vị hành chính giữa TP. Đà Nẵng (với tỉnh Quảng Nam) khác biệt như thế nào so với quá trình sáp nhập các phường tại TP.HCM?","Về tiến trình, Đà Nẵng và Quảng Nam đang trong giai đoạn chuẩn bị đề án, dự kiến trình Trung ương đầu tháng 5 và chờ kết luận của Bộ Chính trị; trong khi TP.HCM đã chính thức vận hành mô hình chính quyền đô thị 2 cấp từ ngày 1.7. Về trọng tâm, Đà Nẵng tập trung giải quyết các vấn đề vĩ mô như đặt tên, xác định trung tâm hành chính và nhà ở công vụ; còn TP.HCM tập trung vào vi mô như hướng dẫn thủ tục hành chính, đảm bảo cơ sở vật chất và không gian phục vụ người dân tại trụ sở mới.",True,,247390; 133992,multi_doc_comparison
cross_21_2,139413; 247390; 133992,Trình tự thời gian các sự kiện từ khi có chủ trương sáp nhập Quảng Nam - Đà Nẵng cho đến khi TP.HCM vận hành chính quyền đô thị mới và Đà Nẵng công bố chỉ số du lịch năm 2024 diễn ra như thế nào?,,True,"Bộ Chính trị ban hành chủ trương sáp nhập Quảng Nam và Đà Nẵng (thời điểm cụ thể cần tra cứu thêm), sau đó đề án được trình Trung ương vào đầu tháng 5. Tiếp đến, ngày 24.4 Đà Nẵng công bố chỉ số du lịch 2024 và ngày 1.7 TP.HCM chính thức vận hành chính quyền đô thị 2 cấp sau sáp nhập phường.",139413; 247390; 133992,timeline
cross_22_1,145672; 52000; 144527,"Từ thông tin ở cả ba bài báo, chiến lược tái cơ cấu tổng thể của Suzuki tại khu vực Đông Nam Á thể hiện như thế nào? So sánh các động thái của hãng tại Việt Nam, Thái Lan và Indonesia.","Suzuki đang thực hiện chiến lược tái cơ cấu quy mô lớn tại Đông Nam Á: tại Việt Nam, hãng dừng sản xuất và bán nhiều dòng xe máy (GSX-S150, GSX-R150, Impulse 125, Intruder 150), giảm giá mạnh để xả hàng tồn và chuyển hướng tập trung sang ô tô, đặc biệt xe tải nhẹ; tại Thái Lan, Suzuki quyết định đóng cửa nhà máy sản xuất ô tô vào cuối năm 2025 do doanh số toàn cầu chững lại và việc duy trì hai nhà máy lớn trong khu vực là không cần thiết; tại Indonesia, nhà máy được chọn làm cơ sở sản xuất chính cho toàn bộ thị trường ASEAN nhờ lịch sử lâu đời, quy trình hoàn chỉnh và lực lượng lao động đã được đầu tư. Điểm chung là Suzuki đang thu hẹp quy mô, cắt giảm mảng kém hiệu quả và tập trung nguồn lực vào các thị trường, phân khúc có lợi nhuận cao hơn.",True,,145672; 52000,multi_doc_comparison
cross_22_2,145672; 52000; 144527,"Suzuki Việt Nam tuyên bố sẽ dồn lực sang mảng ô tô, đặc biệt xe tải nhẹ. Dựa trên dữ liệu thị phần xe bán tải tại Việt Nam tháng 4.2023, liệu Suzuki có cơ hội cạnh tranh trong phân khúc này không và hãng cần chiến lược gì để giành thị phần từ Ford Ranger?",,False,"Các bài báo cho thấy Suzuki sẽ rất khó cạnh tranh trong phân khúc xe bán tải tại Việt Nam, bởi Ford Ranger đang chiếm tới 87% thị phần (1.427/1.641 xe trong tháng 4.2023), trong khi ngay cả những đối thủ đã có mặt lâu năm như Mitsubishi Triton, Mazda BT-50, Isuzu D-Max cũng chỉ bán được vài chục đến dưới 100 xe/tháng dù đã giảm giá hàng chục triệu đồng. Tuy nhiên, các bài báo không cung cấp thông tin về việc Suzuki có kế hoạch tung mẫu xe bán tải nào tại Việt Nam hay không, cũng không đề cập chiến lược cụ thể của hãng trong phân khúc ô tô nội địa.; Mảng xe tải nhẹ mà Suzuki nhắm tới có thể không phải phân khúc bán tải (pickup) mà là xe tải nhỏ thương mại (Carry, Super Carry), vốn là thế mạnh truyền thống của hãng, nên không thể so sánh trực tiếp với số liệu xe bán tải trong bài báo thứ ba.",145672; 144527,multi_doc_comparison
cross_23_1,254260; 143170; 146482,"So sánh xu hướng nhập khẩu xe máy và ô tô về Việt Nam: điểm chung về nguồn gốc nhập khẩu (Thái Lan, Nhật Bản...) và đối tượng khách hàng hướng đến giữa các bài báo về xe máy 'tí hon' đắt đỏ, xe máy 50cc và ô tô nhập khẩu nguyên chiếc là gì?","Cả xe máy 'tí hon' và ô tô nhập khẩu đều có nguồn gốc chủ yếu từ Thái Lan (Honda Cross Cub 110, Honda Dax ST125 nhập từ Thái Lan; ô tô nhập nhiều từ Thái Lan và Indonesia). Xe máy 50cc nhập từ Nhật Bản và Trung Quốc. Về đối tượng khách hàng: xe máy 'tí hon' đắt đỏ hướng đến nhóm đam mê sưu tầm, chơi xe; xe máy 50cc nhập khẩu cũng nhắm đến nhóm khách chơi xe, sưu tầm (do giá cao hơn nhiều so với xe 50cc thông thường); còn ô tô nhập khẩu hướng đến người tiêu dùng phổ thông ưa chuộng mẫu mã đa dạng, trang bị tốt và chương trình ưu đãi giá. Điểm chung là cả ba phân khúc đều cho thấy người Việt ngày càng ưa chuộng xe nhập khẩu nguyên chiếc.",True,"Điểm chung là xu hướng người Việt chuộng xe nhập khẩu ở cả phân khúc xe máy lẫn ô tô, với Thái Lan là nguồn cung chính cho cả hai loại phương tiện.",254260; 143170; 146482,multi_doc_comparison
cross_23_2,254260; 143170; 146482,"Xét về mặt giá bán, liệu mức giá của các mẫu xe máy nhập khẩu như Honda Cross Cub 110 (100 triệu đồng), Honda Dax ST125 (130 triệu đồng) hay các mẫu xe máy 50cc nhập khẩu từ Nhật Bản có ảnh hưởng đến doanh số bán xe máy nhập khẩu tổng thể tại Việt Nam trong năm 2025 hay không, và doanh số cụ thể của phân khúc xe máy nhập khẩu tư nhân là bao nhiêu?",,False,"Các bài báo không cung cấp số liệu doanh số bán xe máy nhập khẩu tư nhân tổng thể tại Việt Nam năm 2025. Tuy nhiên, có thể suy luận rằng với mức giá rất cao (100-130 triệu đồng cho xe máy nhỏ), các mẫu xe máy nhập khẩu tư nhân này chỉ phục vụ thị trường ngách dành cho người sưu tầm, không tác động đáng kể đến tổng doanh số xe máy nhập khẩu.; Doanh số xe máy nhập khẩu tư nhân không được thống kê trong các bài báo, nhưng số lượng nhập về rất hạn chế nên ảnh hưởng đến thị trường tổng thể là không đáng kể.",254260; 143170; 146482,multi_doc_comparison
cross_24_1,70126; 71542; 70125,"So sánh lời khuyên dành cho tuổi Thìn trong ba ngày 17.6.2023, 22.11.2023 và 23.2.2024: điểm chung xuyên suốt là gì và có sự khác biệt nào đáng chú ý?","Điểm chung xuyên suốt cả ba ngày là tuổi Thìn đều được khuyên nên dành thời gian cho bản thân: ngày 17.6.2023 khuyên đặt cuộc sống bản thân lên hàng đầu và xây dựng ranh giới tốt hơn; ngày 22.11.2023 khuyên dành nhiều thời gian hơn để chăm sóc chính mình và bỏ qua cách cư xử khó giải thích của người khác; ngày 23.2.2024 nhắc nhở không nên mải mê làm việc đến mức không dành thời gian cho bản thân. Điểm khác biệt là ngày 17.6.2023 tập trung vào vấn đề quá tải công việc đa lĩnh vực, ngày 22.11.2023 cảnh báo về việc bị người khác lợi dụng lòng tốt và tổn thương bởi nhận xét thiếu suy nghĩ, còn ngày 23.2.2024 cảnh báo nguy cơ tranh cãi nặng nề gây tổn thương.",True,,70126; 71542; 70125,multi_doc_comparison
cross_24_2,70126; 71542; 70125,"Theo diễn biến thời gian từ ngày 17.6.2023 đến 22.11.2023 rồi 23.2.2024, vận trình của tuổi Tị có xu hướng cải thiện hay xấu đi, và tuổi Tị nên đầu tư tài chính vào thời điểm nào trong ba ngày đó?",,False,"Về xu hướng, vận trình tuổi Tị có vẻ cải thiện dần: ngày 17.6.2023 cảnh báo chậm trễ, hiểu lầm và thất bại; ngày 22.11.2023 tích cực hơn với ngày lãng mạn và cơ hội hâm nóng tình cảm; ngày 23.2.2024 là ngày ổn định, bình lặng với sự tiến bộ sau thời gian dài trì hoãn. Tuy nhiên, cả ba bài báo đều không đề cập đến tài chính hay đầu tư nên không thể khuyên thời điểm đầu tư phù hợp.",70126; 71542; 70125,timeline
cross_25_1,264833; 265189; 264994,"So sánh cách phản ứng của người vợ trong bài về phát hiện ảnh lạ trong máy tính chồng và người vợ trong bài về chồng có bồ ở chung cư: khi biết chồng có biểu hiện không chung thủy, hai người phụ nữ này xử lý tình huống khác nhau như thế nào và điều gì chi phối quyết định của họ?","Người vợ phát hiện chồng có bồ ở chung cư (bài 265189) chọn cách nói chuyện thẳng thắn với chồng, không muốn phá vỡ gia đình vì lo lắng cho sự phát triển của con gái 16 tuổi đang ở tuổi dậy thì, cần sự gần gũi đầy đủ của cả bố và mẹ. Trong khi đó, người vợ phát hiện ảnh và video gợi cảm trong máy tính chồng (bài 264994) khi truy hỏi thì chồng thề vẫn yêu vợ và hứa dừng lại, nhưng cô vẫn bị tổn thương sĩ diện, ám ảnh mỗi khi gần gũi chồng. Người vợ ở bài 265189 bị chi phối bởi tình yêu con và mong muốn giữ gia đình trọn vẹn, còn người vợ ở bài 264994 bị chi phối bởi sự tổn thương lòng tự trọng và cảm giác bị phản bội về mặt cảm xúc.",True,,265189; 264994,multi_doc_comparison
cross_25_2,264833; 265189; 264994,"Trong cả ba bài báo, những đứa trẻ trong gia đình đều chịu ảnh hưởng tiêu cực từ mâu thuẫn của người lớn. Liệu những đứa trẻ này sau đó có được hỗ trợ tâm lý chuyên nghiệp hay can thiệp từ nhà trường để vượt qua tổn thương không?",,False,"Các bài báo không đề cập đến việc các đứa trẻ có được hỗ trợ tâm lý chuyên nghiệp hay can thiệp từ nhà trường hay không. Tuy nhiên, có thể suy luận rằng cậu bé 7 tuổi bị phân biệt đối xử (bài 264833), cô gái 16 tuổi chứng kiến bố ngoại tình và trở nên lầm lì chống đối (bài 265189), và hai đứa con trong gia đình phát hiện ảnh lạ (bài 264994) đều cần được quan tâm về mặt tâm lý, nhưng trong bối cảnh các gia đình đang bận đối phó với mâu thuẫn nội bộ, khả năng cao là chưa có ai tìm đến sự hỗ trợ chuyên nghiệp cho con cái.",264833; 265189; 264994,multi_doc_comparison
